Pays;Date;Vaccination
Afghanistan;2020-02-29;0.0
Afghanistan;2020-03-31;0.0
Afghanistan;2020-04-30;0.0
Afghanistan;2020-05-31;0.0
Afghanistan;2020-06-30;0.0
Afghanistan;2020-07-31;0.0
Afghanistan;2020-08-31;0.0
Afghanistan;2020-09-30;0.0
Afghanistan;2020-10-31;0.0
Afghanistan;2020-11-30;0.0
Afghanistan;2020-12-31;0.0
Afghanistan;2021-01-31;0.0
Afghanistan;2021-02-28;0.0
Afghanistan;2021-03-31;0.0
Afghanistan;2021-04-30;0.0
Afghanistan;2021-05-16;0.0
Africa;2020-02-29;0.0
Africa;2020-03-31;0.0
Africa;2020-04-30;0.0
Africa;2020-05-31;0.0
Africa;2020-06-30;0.0
Africa;2020-07-31;0.0
Africa;2020-08-31;0.0
Africa;2020-09-30;0.0
Africa;2020-10-31;0.0
Africa;2020-11-30;0.0
Africa;2020-12-31;0.0
Africa;2021-01-31;0.0
Africa;2021-02-28;0.019094611391564743
Africa;2021-03-31;0.2980047458861372
Africa;2021-04-30;0.364438152838128
Africa;2021-05-16;0.4461321362459653
Albania;2020-02-29;0.0
Albania;2020-03-31;0.0
Albania;2020-04-30;0.0
Albania;2020-05-31;0.0
Albania;2020-06-30;0.0
Albania;2020-07-31;0.0
Albania;2020-08-31;0.0
Albania;2020-09-30;0.0
Albania;2020-10-31;0.0
Albania;2020-11-30;0.0
Albania;2020-12-31;0.0
Albania;2021-01-31;0.0
Albania;2021-02-28;0.0
Albania;2021-03-31;0.0
Albania;2021-04-30;0.0
Albania;2021-05-16;0.0
Algeria;2020-02-29;0.0
Algeria;2020-03-31;0.0
Algeria;2020-04-30;0.0
Algeria;2020-05-31;0.0
Algeria;2020-06-30;0.0
Algeria;2020-07-31;0.0
Algeria;2020-08-31;0.0
Algeria;2020-09-30;0.0
Algeria;2020-10-31;0.0
Algeria;2020-11-30;0.0
Algeria;2020-12-31;0.0
Algeria;2021-01-31;0.0
Algeria;2021-02-28;0.0
Algeria;2021-03-31;0.0
Algeria;2021-04-30;0.0
Algeria;2021-05-16;0.0
Andorra;2020-03-31;0.0
Andorra;2020-04-30;0.0
Andorra;2020-05-31;0.0
Andorra;2020-06-30;0.0
Andorra;2020-07-31;0.0
Andorra;2020-08-31;0.0
Andorra;2020-09-30;0.0
Andorra;2020-10-31;0.0
Andorra;2020-11-30;0.0
Andorra;2020-12-31;0.0
Andorra;2021-01-31;0.0
Andorra;2021-02-28;0.0
Andorra;2021-03-31;0.0
Andorra;2021-04-30;0.0
Andorra;2021-05-16;0.0
Angola;2020-03-31;0.0
Angola;2020-04-30;0.0
Angola;2020-05-31;0.0
Angola;2020-06-30;0.0
Angola;2020-07-31;0.0
Angola;2020-08-31;0.0
Angola;2020-09-30;0.0
Angola;2020-10-31;0.0
Angola;2020-11-30;0.0
Angola;2020-12-31;0.0
Angola;2021-01-31;0.0
Angola;2021-02-28;0.0
Angola;2021-03-31;0.0
Angola;2021-04-30;0.0
Angola;2021-05-16;0.0
Anguilla;2021-02-28;0.0
Anguilla;2021-03-31;0.0
Anguilla;2021-04-22;5.219304092787628
Antigua and Barbuda;2020-03-31;0.0
Antigua and Barbuda;2020-04-30;0.0
Antigua and Barbuda;2020-05-31;0.0
Antigua and Barbuda;2020-06-30;0.0
Antigua and Barbuda;2020-07-31;0.0
Antigua and Barbuda;2020-08-31;0.0
Antigua and Barbuda;2020-09-30;0.0
Antigua and Barbuda;2020-10-31;0.0
Antigua and Barbuda;2020-11-30;0.0
Antigua and Barbuda;2020-12-31;0.0
Antigua and Barbuda;2021-01-31;0.0
Antigua and Barbuda;2021-02-28;0.0
Antigua and Barbuda;2021-03-31;0.0
Antigua and Barbuda;2021-04-30;0.0
Antigua and Barbuda;2021-05-16;0.0
Argentina;2020-01-31;0.0
Argentina;2020-02-29;0.0
Argentina;2020-03-31;0.0
Argentina;2020-04-30;0.0
Argentina;2020-05-31;0.0
Argentina;2020-06-30;0.0
Argentina;2020-07-31;0.0
Argentina;2020-08-31;0.0
Argentina;2020-09-30;0.0
Argentina;2020-10-31;0.0
Argentina;2020-11-30;0.0
Argentina;2020-12-31;0.0
Argentina;2021-01-31;0.0
Argentina;2021-02-28;0.6492464992912944
Argentina;2021-03-31;1.4987993236624741
Argentina;2021-04-30;2.0766608349271216
Argentina;2021-05-16;4.213269748631603
Armenia;2020-03-31;0.0
Armenia;2020-04-30;0.0
Armenia;2020-05-31;0.0
Armenia;2020-06-30;0.0
Armenia;2020-07-31;0.0
Armenia;2020-08-31;0.0
Armenia;2020-09-30;0.0
Armenia;2020-10-31;0.0
Armenia;2020-11-30;0.0
Armenia;2020-12-31;0.0
Armenia;2021-01-31;0.0
Armenia;2021-02-28;0.0
Armenia;2021-03-31;0.0
Armenia;2021-04-30;0.0
Armenia;2021-05-16;0.0
Aruba;2021-03-31;0.0
Aruba;2021-04-30;21.129385759511454
Aruba;2021-05-15;29.14879268681041
Asia;2020-01-31;0.0
Asia;2020-02-29;0.0
Asia;2020-03-31;0.0
Asia;2020-04-30;0.0
Asia;2020-05-31;0.0
Asia;2020-06-30;0.0
Asia;2020-07-31;0.0
Asia;2020-08-31;0.0
Asia;2020-09-30;0.0
Asia;2020-10-31;0.0
Asia;2020-11-30;0.0
Asia;2020-12-31;0.0
Asia;2021-01-31;0.04599401240009524
Asia;2021-02-28;0.23529193958355216
Asia;2021-03-31;0.6137321422805191
Asia;2021-04-30;1.366089726538799
Asia;2021-05-16;1.9125134270983062
Australia;2020-01-31;0.0
Australia;2020-02-29;0.0
Australia;2020-03-31;0.0
Australia;2020-04-30;0.0
Australia;2020-05-31;0.0
Australia;2020-06-30;0.0
Australia;2020-07-31;0.0
Australia;2020-08-31;0.0
Australia;2020-09-30;0.0
Australia;2020-10-31;0.0
Australia;2020-11-30;0.0
Australia;2020-12-31;0.0
Australia;2021-01-31;0.0
Australia;2021-02-28;0.0
Australia;2021-03-31;0.0
Australia;2021-04-30;0.0
Australia;2021-05-16;0.0
Austria;2020-02-29;0.0
Austria;2020-03-31;0.0
Austria;2020-04-30;0.0
Austria;2020-05-31;0.0
Austria;2020-06-30;0.0
Austria;2020-07-31;0.0
Austria;2020-08-31;0.0
Austria;2020-09-30;0.0
Austria;2020-10-31;0.0
Austria;2020-11-30;0.0
Austria;2020-12-31;0.0
Austria;2021-01-31;0.24368227038550364
Austria;2021-02-28;2.7231080120802984
Austria;2021-03-31;5.083862586605081
Austria;2021-04-30;9.449202789127732
Austria;2021-05-16;0.0
Azerbaijan;2020-03-31;0.0
Azerbaijan;2020-04-30;0.0
Azerbaijan;2020-05-31;0.0
Azerbaijan;2020-06-30;0.0
Azerbaijan;2020-07-31;0.0
Azerbaijan;2020-08-31;0.0
Azerbaijan;2020-09-30;0.0
Azerbaijan;2020-10-31;0.0
Azerbaijan;2020-11-30;0.0
Azerbaijan;2020-12-31;0.0
Azerbaijan;2021-01-31;0.0
Azerbaijan;2021-02-28;0.0
Azerbaijan;2021-03-31;0.0
Azerbaijan;2021-04-30;5.14919606378231
Azerbaijan;2021-05-16;7.537279906895778
Bahamas;2020-03-31;0.0
Bahamas;2020-04-30;0.0
Bahamas;2020-05-31;0.0
Bahamas;2020-06-30;0.0
Bahamas;2020-07-31;0.0
Bahamas;2020-08-31;0.0
Bahamas;2020-09-30;0.0
Bahamas;2020-10-31;0.0
Bahamas;2020-11-30;0.0
Bahamas;2020-12-31;0.0
Bahamas;2021-01-31;0.0
Bahamas;2021-02-28;0.0
Bahamas;2021-03-31;0.0
Bahamas;2021-04-30;0.0
Bahamas;2021-05-16;0.0
Bahrain;2020-02-29;0.0
Bahrain;2020-03-31;0.0
Bahrain;2020-04-30;0.0
Bahrain;2020-05-31;0.0
Bahrain;2020-06-30;0.0
Bahrain;2020-07-31;0.0
Bahrain;2020-08-31;0.0
Bahrain;2020-09-30;0.0
Bahrain;2020-10-31;0.0
Bahrain;2020-11-30;0.0
Bahrain;2020-12-31;0.0
Bahrain;2021-01-31;0.0
Bahrain;2021-02-28;0.0
Bahrain;2021-03-31;15.01190362151009
Bahrain;2021-04-30;31.837823955693022
Bahrain;2021-05-16;37.273291987519855
Bangladesh;2020-03-31;0.0
Bangladesh;2020-04-30;0.0
Bangladesh;2020-05-31;0.0
Bangladesh;2020-06-30;0.0
Bangladesh;2020-07-31;0.0
Bangladesh;2020-08-31;0.0
Bangladesh;2020-09-30;0.0
Bangladesh;2020-10-31;0.0
Bangladesh;2020-11-30;0.0
Bangladesh;2020-12-31;0.0
Bangladesh;2021-01-31;0.0
Bangladesh;2021-02-28;0.0
Bangladesh;2021-03-31;0.0
Bangladesh;2021-04-30;0.0
Bangladesh;2021-05-16;0.0
Barbados;2020-03-31;0.0
Barbados;2020-04-30;0.0
Barbados;2020-05-31;0.0
Barbados;2020-06-30;0.0
Barbados;2020-07-31;0.0
Barbados;2020-08-31;0.0
Barbados;2020-09-30;0.0
Barbados;2020-10-31;0.0
Barbados;2020-11-30;0.0
Barbados;2020-12-31;0.0
Barbados;2021-01-31;0.0
Barbados;2021-02-28;0.0
Barbados;2021-03-31;0.0
Barbados;2021-04-30;0.0
Barbados;2021-05-16;0.0
Belarus;2020-02-29;0.0
Belarus;2020-03-31;0.0
Belarus;2020-04-30;0.0
Belarus;2020-05-31;0.0
Belarus;2020-06-30;0.0
Belarus;2020-07-31;0.0
Belarus;2020-08-31;0.0
Belarus;2020-09-30;0.0
Belarus;2020-10-31;0.0
Belarus;2020-11-30;0.0
Belarus;2020-12-31;0.0
Belarus;2021-01-31;0.0
Belarus;2021-02-28;0.0
Belarus;2021-03-31;0.0
Belarus;2021-04-30;0.0
Belarus;2021-05-16;0.0
Belgium;2020-02-29;0.0
Belgium;2020-03-31;0.0
Belgium;2020-04-30;0.0
Belgium;2020-05-31;0.0
Belgium;2020-06-30;0.0
Belgium;2020-07-31;0.0
Belgium;2020-08-31;0.0
Belgium;2020-09-30;0.0
Belgium;2020-10-31;0.0
Belgium;2020-11-30;0.0
Belgium;2020-12-31;4.3142067864888705e-05
Belgium;2021-01-31;0.2216121742083603
Belgium;2021-02-28;2.865582431721638
Belgium;2021-03-31;4.729207594108381
Belgium;2021-04-30;7.283019558197615
Belgium;2021-05-16;0.0
Belize;2020-03-31;0.0
Belize;2020-04-30;0.0
Belize;2020-05-31;0.0
Belize;2020-06-30;0.0
Belize;2020-07-31;0.0
Belize;2020-08-31;0.0
Belize;2020-09-30;0.0
Belize;2020-10-31;0.0
Belize;2020-11-30;0.0
Belize;2020-12-31;0.0
Belize;2021-01-31;0.0
Belize;2021-02-28;0.0
Belize;2021-03-31;0.0
Belize;2021-04-30;0.0
Belize;2021-05-16;0.0
Benin;2020-03-31;0.0
Benin;2020-04-30;0.0
Benin;2020-05-31;0.0
Benin;2020-06-30;0.0
Benin;2020-07-31;0.0
Benin;2020-08-31;0.0
Benin;2020-09-30;0.0
Benin;2020-10-31;0.0
Benin;2020-11-30;0.0
Benin;2020-12-31;0.0
Benin;2021-01-31;0.0
Benin;2021-02-28;0.0
Benin;2021-03-31;0.0
Benin;2021-04-30;0.0
Benin;2021-05-16;0.0
Bermuda;2021-01-31;0.0
Bermuda;2021-02-28;0.0
Bermuda;2021-03-31;0.0
Bermuda;2021-04-30;0.0
Bermuda;2021-05-12;46.6141024199894
Bhutan;2020-03-31;0.0
Bhutan;2020-04-30;0.0
Bhutan;2020-05-31;0.0
Bhutan;2020-06-30;0.0
Bhutan;2020-07-31;0.0
Bhutan;2020-08-31;0.0
Bhutan;2020-09-30;0.0
Bhutan;2020-10-31;0.0
Bhutan;2020-11-30;0.0
Bhutan;2020-12-31;0.0
Bhutan;2021-01-31;0.0
Bhutan;2021-02-28;0.0
Bhutan;2021-03-31;0.0
Bhutan;2021-04-30;0.0
Bhutan;2021-05-16;0.0
Bolivia;2020-03-31;0.0
Bolivia;2020-04-30;0.0
Bolivia;2020-05-31;0.0
Bolivia;2020-06-30;0.0
Bolivia;2020-07-31;0.0
Bolivia;2020-08-31;0.0
Bolivia;2020-09-30;0.0
Bolivia;2020-10-31;0.0
Bolivia;2020-11-30;0.0
Bolivia;2020-12-31;0.0
Bolivia;2021-01-31;0.0
Bolivia;2021-02-28;0.0
Bolivia;2021-03-31;0.9363893467582407
Bolivia;2021-04-30;0.0
Bolivia;2021-05-16;2.437944769947886
Bonaire Sint Eustatius and Saba;2021-04-09;6.349872239807787
Bosnia and Herzegovina;2020-03-31;0.0
Bosnia and Herzegovina;2020-04-30;0.0
Bosnia and Herzegovina;2020-05-31;0.0
Bosnia and Herzegovina;2020-06-30;0.0
Bosnia and Herzegovina;2020-07-31;0.0
Bosnia and Herzegovina;2020-08-31;0.0
Bosnia and Herzegovina;2020-09-30;0.0
Bosnia and Herzegovina;2020-10-31;0.0
Bosnia and Herzegovina;2020-11-30;0.0
Bosnia and Herzegovina;2020-12-31;0.0
Bosnia and Herzegovina;2021-01-31;0.0
Bosnia and Herzegovina;2021-02-28;0.0
Bosnia and Herzegovina;2021-03-31;0.0
Bosnia and Herzegovina;2021-04-30;0.0
Bosnia and Herzegovina;2021-05-16;0.0
Botswana;2020-03-31;0.0
Botswana;2020-04-30;0.0
Botswana;2020-05-31;0.0
Botswana;2020-06-30;0.0
Botswana;2020-07-31;0.0
Botswana;2020-08-31;0.0
Botswana;2020-09-30;0.0
Botswana;2020-10-31;0.0
Botswana;2020-11-30;0.0
Botswana;2020-12-31;0.0
Botswana;2021-01-31;0.0
Botswana;2021-02-28;0.0
Botswana;2021-03-31;0.0
Botswana;2021-04-30;0.0
Botswana;2021-05-16;0.0
Brazil;2020-02-29;0.0
Brazil;2020-03-31;0.0
Brazil;2020-04-30;0.0
Brazil;2020-05-31;0.0
Brazil;2020-06-30;0.0
Brazil;2020-07-31;0.0
Brazil;2020-08-31;0.0
Brazil;2020-09-30;0.0
Brazil;2020-10-31;0.0
Brazil;2020-11-30;0.0
Brazil;2020-12-31;0.0
Brazil;2021-01-31;0.0
Brazil;2021-02-28;0.90089637010611
Brazil;2021-03-31;1.9921983317144054
Brazil;2021-04-30;6.374382608487587
Brazil;2021-05-16;7.983807952721585
Brunei;2020-03-31;0.0
Brunei;2020-04-30;0.0
Brunei;2020-05-31;0.0
Brunei;2020-06-30;0.0
Brunei;2020-07-31;0.0
Brunei;2020-08-31;0.0
Brunei;2020-09-30;0.0
Brunei;2020-10-31;0.0
Brunei;2020-11-30;0.0
Brunei;2020-12-31;0.0
Brunei;2021-01-31;0.0
Brunei;2021-02-28;0.0
Brunei;2021-03-31;0.0
Brunei;2021-04-30;0.0
Brunei;2021-05-16;0.0
Bulgaria;2020-03-31;0.0
Bulgaria;2020-04-30;0.0
Bulgaria;2020-05-31;0.0
Bulgaria;2020-06-30;0.0
Bulgaria;2020-07-31;0.0
Bulgaria;2020-08-31;0.0
Bulgaria;2020-09-30;0.0
Bulgaria;2020-10-31;0.0
Bulgaria;2020-11-30;0.0
Bulgaria;2020-12-31;0.0
Bulgaria;2021-01-31;0.1883011234887806
Bulgaria;2021-02-28;0.5379476990895085
Bulgaria;2021-03-31;1.3672555514219369
Bulgaria;2021-04-30;3.0705287298093316
Bulgaria;2021-05-16;5.968659174822568
Burkina Faso;2020-03-31;0.0
Burkina Faso;2020-04-30;0.0
Burkina Faso;2020-05-31;0.0
Burkina Faso;2020-06-30;0.0
Burkina Faso;2020-07-31;0.0
Burkina Faso;2020-08-31;0.0
Burkina Faso;2020-09-30;0.0
Burkina Faso;2020-10-31;0.0
Burkina Faso;2020-11-30;0.0
Burkina Faso;2020-12-31;0.0
Burkina Faso;2021-01-31;0.0
Burkina Faso;2021-02-28;0.0
Burkina Faso;2021-03-31;0.0
Burkina Faso;2021-04-30;0.0
Burkina Faso;2021-05-16;0.0
Burundi;2020-04-30;0.0
Burundi;2020-05-31;0.0
Burundi;2020-06-30;0.0
Burundi;2020-07-31;0.0
Burundi;2020-08-31;0.0
Burundi;2020-09-30;0.0
Burundi;2020-10-31;0.0
Burundi;2020-11-30;0.0
Burundi;2020-12-31;0.0
Burundi;2021-01-31;0.0
Burundi;2021-02-28;0.0
Burundi;2021-03-31;0.0
Burundi;2021-04-30;0.0
Burundi;2021-05-16;0.0
Cambodia;2020-01-31;0.0
Cambodia;2020-02-29;0.0
Cambodia;2020-03-31;0.0
Cambodia;2020-04-30;0.0
Cambodia;2020-05-31;0.0
Cambodia;2020-06-30;0.0
Cambodia;2020-07-31;0.0
Cambodia;2020-08-31;0.0
Cambodia;2020-09-30;0.0
Cambodia;2020-10-31;0.0
Cambodia;2020-11-30;0.0
Cambodia;2020-12-31;0.0
Cambodia;2021-01-31;0.0
Cambodia;2021-02-28;0.008840256975145181
Cambodia;2021-03-31;1.4266188989741055
Cambodia;2021-04-30;5.653589566008578
Cambodia;2021-05-16;7.089156384086078
Cameroon;2020-03-31;0.0
Cameroon;2020-04-30;0.0
Cameroon;2020-05-31;0.0
Cameroon;2020-06-30;0.0
Cameroon;2020-07-31;0.0
Cameroon;2020-08-31;0.0
Cameroon;2020-09-30;0.0
Cameroon;2020-10-31;0.0
Cameroon;2020-11-30;0.0
Cameroon;2020-12-31;0.0
Cameroon;2021-01-31;0.0
Cameroon;2021-02-28;0.0
Cameroon;2021-03-31;0.0
Cameroon;2021-04-30;0.0
Cameroon;2021-05-16;0.0
Canada;2020-01-31;0.0
Canada;2020-02-29;0.0
Canada;2020-03-31;0.0
Canada;2020-04-30;0.0
Canada;2020-05-31;0.0
Canada;2020-06-30;0.0
Canada;2020-07-31;0.0
Canada;2020-08-31;0.0
Canada;2020-09-30;0.0
Canada;2020-10-31;0.0
Canada;2020-11-30;0.0
Canada;2020-12-31;0.0
Canada;2021-01-31;0.29645894377472914
Canada;2021-02-28;1.3910837157505331
Canada;2021-03-31;1.817527281230906
Canada;2021-04-30;2.888319287103808
Canada;2021-05-16;3.7384270326680054
Cape Verde;2020-03-31;0.0
Cape Verde;2020-04-30;0.0
Cape Verde;2020-05-31;0.0
Cape Verde;2020-06-30;0.0
Cape Verde;2020-07-31;0.0
Cape Verde;2020-08-31;0.0
Cape Verde;2020-09-30;0.0
Cape Verde;2020-10-31;0.0
Cape Verde;2020-11-30;0.0
Cape Verde;2020-12-31;0.0
Cape Verde;2021-01-31;0.0
Cape Verde;2021-02-28;0.0
Cape Verde;2021-03-31;0.0
Cape Verde;2021-04-30;0.0
Cape Verde;2021-05-16;0.0
Cayman Islands;2020-12-31;0.0
Cayman Islands;2021-01-31;0.0
Cayman Islands;2021-02-28;0.0
Cayman Islands;2021-03-31;29.039866098600122
Cayman Islands;2021-04-30;45.526475958612295
Cayman Islands;2021-05-14;51.61442483262325
Central African Republic;2020-03-31;0.0
Central African Republic;2020-04-30;0.0
Central African Republic;2020-05-31;0.0
Central African Republic;2020-06-30;0.0
Central African Republic;2020-07-31;0.0
Central African Republic;2020-08-31;0.0
Central African Republic;2020-09-30;0.0
Central African Republic;2020-10-31;0.0
Central African Republic;2020-11-30;0.0
Central African Republic;2020-12-31;0.0
Central African Republic;2021-01-31;0.0
Central African Republic;2021-02-28;0.0
Central African Republic;2021-03-31;0.0
Central African Republic;2021-04-30;0.0
Central African Republic;2021-05-16;0.0
Chad;2020-03-31;0.0
Chad;2020-04-30;0.0
Chad;2020-05-31;0.0
Chad;2020-06-30;0.0
Chad;2020-07-31;0.0
Chad;2020-08-31;0.0
Chad;2020-09-30;0.0
Chad;2020-10-31;0.0
Chad;2020-11-30;0.0
Chad;2020-12-31;0.0
Chad;2021-01-31;0.0
Chad;2021-02-28;0.0
Chad;2021-03-31;0.0
Chad;2021-04-30;0.0
Chad;2021-05-16;0.0
Chile;2020-02-29;0.0
Chile;2020-03-31;0.0
Chile;2020-04-30;0.0
Chile;2020-05-31;0.0
Chile;2020-06-30;0.0
Chile;2020-07-31;0.0
Chile;2020-08-31;0.0
Chile;2020-09-30;0.0
Chile;2020-10-31;0.0
Chile;2020-11-30;0.0
Chile;2020-12-31;0.0
Chile;2021-01-31;0.05443024817316027
Chile;2021-02-28;0.29450923036047577
Chile;2021-03-31;19.257777522729533
Chile;2021-04-30;35.263602736295674
Chile;2021-05-16;0.0
China;2020-01-31;0.0
China;2020-02-29;0.0
China;2020-03-31;0.0
China;2020-04-30;0.0
China;2020-05-31;0.0
China;2020-06-30;0.0
China;2020-07-31;0.0
China;2020-08-31;0.0
China;2020-09-30;0.0
China;2020-10-31;0.0
China;2020-11-30;0.0
China;2020-12-31;0.0
China;2021-01-31;0.0
China;2021-02-28;0.0
China;2021-03-31;0.0
China;2021-04-30;0.0
China;2021-05-16;0.0
Colombia;2020-03-31;0.0
Colombia;2020-04-30;0.0
Colombia;2020-05-31;0.0
Colombia;2020-06-30;0.0
Colombia;2020-07-31;0.0
Colombia;2020-08-31;0.0
Colombia;2020-09-30;0.0
Colombia;2020-10-31;0.0
Colombia;2020-11-30;0.0
Colombia;2020-12-31;0.0
Colombia;2021-01-31;0.0
Colombia;2021-02-28;0.0
Colombia;2021-03-31;0.5622067334076425
Colombia;2021-04-30;3.1976017711574682
Colombia;2021-05-16;0.0
Comoros;2020-05-31;0.0
Comoros;2020-06-30;0.0
Comoros;2020-07-31;0.0
Comoros;2020-08-31;0.0
Comoros;2020-09-30;0.0
Comoros;2020-10-31;0.0
Comoros;2020-11-30;0.0
Comoros;2020-12-31;0.0
Comoros;2021-01-31;0.0
Comoros;2021-02-28;0.0
Comoros;2021-03-31;0.0
Comoros;2021-04-30;0.0
Comoros;2021-05-16;0.0
Congo;2020-03-31;0.0
Congo;2020-04-30;0.0
Congo;2020-05-31;0.0
Congo;2020-06-30;0.0
Congo;2020-07-31;0.0
Congo;2020-08-31;0.0
Congo;2020-09-30;0.0
Congo;2020-10-31;0.0
Congo;2020-11-30;0.0
Congo;2020-12-31;0.0
Congo;2021-01-31;0.0
Congo;2021-02-28;0.0
Congo;2021-03-31;0.0
Congo;2021-04-30;0.0
Congo;2021-05-16;0.0
Costa Rica;2020-03-31;0.0
Costa Rica;2020-04-30;0.0
Costa Rica;2020-05-31;0.0
Costa Rica;2020-06-30;0.0
Costa Rica;2020-07-31;0.0
Costa Rica;2020-08-31;0.0
Costa Rica;2020-09-30;0.0
Costa Rica;2020-10-31;0.0
Costa Rica;2020-11-30;0.0
Costa Rica;2020-12-31;0.0
Costa Rica;2021-01-31;0.0
Costa Rica;2021-02-28;0.0
Costa Rica;2021-03-31;0.0
Costa Rica;2021-04-30;0.0
Costa Rica;2021-05-16;0.0
Cote d'Ivoire;2020-03-31;0.0
Cote d'Ivoire;2020-04-30;0.0
Cote d'Ivoire;2020-05-31;0.0
Cote d'Ivoire;2020-06-30;0.0
Cote d'Ivoire;2020-07-31;0.0
Cote d'Ivoire;2020-08-31;0.0
Cote d'Ivoire;2020-09-30;0.0
Cote d'Ivoire;2020-10-31;0.0
Cote d'Ivoire;2020-11-30;0.0
Cote d'Ivoire;2020-12-31;0.0
Cote d'Ivoire;2021-01-31;0.0
Cote d'Ivoire;2021-02-28;0.0
Cote d'Ivoire;2021-03-31;0.0
Cote d'Ivoire;2021-04-30;0.0
Cote d'Ivoire;2021-05-16;0.0
Croatia;2020-02-29;0.0
Croatia;2020-03-31;0.0
Croatia;2020-04-30;0.0
Croatia;2020-05-31;0.0
Croatia;2020-06-30;0.0
Croatia;2020-07-31;0.0
Croatia;2020-08-31;0.0
Croatia;2020-09-30;0.0
Croatia;2020-10-31;0.0
Croatia;2020-11-30;0.0
Croatia;2020-12-31;0.0
Croatia;2021-01-31;0.0
Croatia;2021-02-28;0.0
Croatia;2021-03-31;2.175570510865551
Croatia;2021-04-30;4.838904548984378
Croatia;2021-05-16;7.5082065287820425
Cuba;2020-03-31;0.0
Cuba;2020-04-30;0.0
Cuba;2020-05-31;0.0
Cuba;2020-06-30;0.0
Cuba;2020-07-31;0.0
Cuba;2020-08-31;0.0
Cuba;2020-09-30;0.0
Cuba;2020-10-31;0.0
Cuba;2020-11-30;0.0
Cuba;2020-12-31;0.0
Cuba;2021-01-31;0.0
Cuba;2021-02-28;0.0
Cuba;2021-03-31;0.0
Cuba;2021-04-30;0.0
Cuba;2021-05-16;0.0
Curacao;2021-03-31;0.0
Curacao;2021-04-30;14.287020109689214
Curacao;2021-05-16;26.74588665447898
Cyprus;2020-03-31;0.0
Cyprus;2020-04-30;0.0
Cyprus;2020-05-31;0.0
Cyprus;2020-06-30;0.0
Cyprus;2020-07-31;0.0
Cyprus;2020-08-31;0.0
Cyprus;2020-09-30;0.0
Cyprus;2020-10-31;0.0
Cyprus;2020-11-30;0.0
Cyprus;2020-12-31;0.0
Cyprus;2021-01-31;0.0
Cyprus;2021-02-28;0.0
Cyprus;2021-03-31;0.0
Cyprus;2021-04-30;0.0
Cyprus;2021-05-16;12.433168664423638
Czechia;2020-03-31;0.0
Czechia;2020-04-30;0.0
Czechia;2020-05-31;0.0
Czechia;2020-06-30;0.0
Czechia;2020-07-31;0.0
Czechia;2020-08-31;0.0
Czechia;2020-09-30;0.0
Czechia;2020-10-31;0.0
Czechia;2020-11-30;0.0
Czechia;2020-12-31;0.0
Czechia;2021-01-31;0.37152924526346204
Czechia;2021-02-28;2.2718219154724513
Czechia;2021-03-31;4.831411613167339
Czechia;2021-04-30;9.43765709943298
Czechia;2021-05-16;10.319346880964035
Democratic Republic of Congo;2020-03-31;0.0
Democratic Republic of Congo;2020-04-30;0.0
Democratic Republic of Congo;2020-05-31;0.0
Democratic Republic of Congo;2020-06-30;0.0
Democratic Republic of Congo;2020-07-31;0.0
Democratic Republic of Congo;2020-08-31;0.0
Democratic Republic of Congo;2020-09-30;0.0
Democratic Republic of Congo;2020-10-31;0.0
Democratic Republic of Congo;2020-11-30;0.0
Democratic Republic of Congo;2020-12-31;0.0
Democratic Republic of Congo;2021-01-31;0.0
Democratic Republic of Congo;2021-02-28;0.0
Democratic Republic of Congo;2021-03-31;0.0
Democratic Republic of Congo;2021-04-30;0.0
Democratic Republic of Congo;2021-05-16;0.0
Denmark;2020-02-29;0.0
Denmark;2020-03-31;0.0
Denmark;2020-04-30;0.0
Denmark;2020-05-31;0.0
Denmark;2020-06-30;0.0
Denmark;2020-07-31;0.0
Denmark;2020-08-31;0.0
Denmark;2020-09-30;0.0
Denmark;2020-10-31;0.0
Denmark;2020-11-30;0.0
Denmark;2020-12-31;0.0
Denmark;2021-01-31;1.5200088809042085
Denmark;2021-02-28;3.175078635883445
Denmark;2021-03-31;6.719705783792454
Denmark;2021-04-30;11.214990220473972
Denmark;2021-05-16;0.0
Djibouti;2020-03-31;0.0
Djibouti;2020-04-30;0.0
Djibouti;2020-05-31;0.0
Djibouti;2020-06-30;0.0
Djibouti;2020-07-31;0.0
Djibouti;2020-08-31;0.0
Djibouti;2020-09-30;0.0
Djibouti;2020-10-31;0.0
Djibouti;2020-11-30;0.0
Djibouti;2020-12-31;0.0
Djibouti;2021-01-31;0.0
Djibouti;2021-02-28;0.0
Djibouti;2021-03-31;0.0
Djibouti;2021-04-30;0.0
Djibouti;2021-05-16;0.0
Dominica;2020-03-31;0.0
Dominica;2020-04-30;0.0
Dominica;2020-05-31;0.0
Dominica;2020-06-30;0.0
Dominica;2020-07-31;0.0
Dominica;2020-08-31;0.0
Dominica;2020-09-30;0.0
Dominica;2020-10-31;0.0
Dominica;2020-11-30;0.0
Dominica;2020-12-31;0.0
Dominica;2021-01-31;0.0
Dominica;2021-02-28;0.0
Dominica;2021-03-31;0.0
Dominica;2021-04-30;0.0
Dominica;2021-05-16;0.0
Dominican Republic;2020-03-31;0.0
Dominican Republic;2020-04-30;0.0
Dominican Republic;2020-05-31;0.0
Dominican Republic;2020-06-30;0.0
Dominican Republic;2020-07-31;0.0
Dominican Republic;2020-08-31;0.0
Dominican Republic;2020-09-30;0.0
Dominican Republic;2020-10-31;0.0
Dominican Republic;2020-11-30;0.0
Dominican Republic;2020-12-31;0.0
Dominican Republic;2021-01-31;0.0
Dominican Republic;2021-02-28;0.0
Dominican Republic;2021-03-31;0.0
Dominican Republic;2021-04-30;7.335896409112765
Dominican Republic;2021-05-16;0.0
Ecuador;2020-03-31;0.0
Ecuador;2020-04-30;0.0
Ecuador;2020-05-31;0.0
Ecuador;2020-06-30;0.0
Ecuador;2020-07-31;0.0
Ecuador;2020-08-31;0.0
Ecuador;2020-09-30;0.0
Ecuador;2020-10-31;0.0
Ecuador;2020-11-30;0.0
Ecuador;2020-12-31;0.0
Ecuador;2021-01-31;0.0
Ecuador;2021-02-28;0.0
Ecuador;2021-03-31;0.0
Ecuador;2021-04-30;1.3570831817156435
Ecuador;2021-05-16;0.0
Egypt;2020-02-29;0.0
Egypt;2020-03-31;0.0
Egypt;2020-04-30;0.0
Egypt;2020-05-31;0.0
Egypt;2020-06-30;0.0
Egypt;2020-07-31;0.0
Egypt;2020-08-31;0.0
Egypt;2020-09-30;0.0
Egypt;2020-10-31;0.0
Egypt;2020-11-30;0.0
Egypt;2020-12-31;0.0
Egypt;2021-01-31;0.0
Egypt;2021-02-28;0.0
Egypt;2021-03-31;0.0
Egypt;2021-04-30;0.0
Egypt;2021-05-16;0.0
El Salvador;2020-03-31;0.0
El Salvador;2020-04-30;0.0
El Salvador;2020-05-31;0.0
El Salvador;2020-06-30;0.0
El Salvador;2020-07-31;0.0
El Salvador;2020-08-31;0.0
El Salvador;2020-09-30;0.0
El Salvador;2020-10-31;0.0
El Salvador;2020-11-30;0.0
El Salvador;2020-12-31;0.0
El Salvador;2021-01-31;0.0
El Salvador;2021-02-28;0.0
El Salvador;2021-03-31;0.0
El Salvador;2021-04-30;1.169482721858296
El Salvador;2021-05-16;0.0
Equatorial Guinea;2020-03-31;0.0
Equatorial Guinea;2020-04-30;0.0
Equatorial Guinea;2020-05-31;0.0
Equatorial Guinea;2020-06-30;0.0
Equatorial Guinea;2020-07-31;0.0
Equatorial Guinea;2020-08-31;0.0
Equatorial Guinea;2020-09-30;0.0
Equatorial Guinea;2020-10-31;0.0
Equatorial Guinea;2020-11-30;0.0
Equatorial Guinea;2020-12-31;0.0
Equatorial Guinea;2021-01-31;0.0
Equatorial Guinea;2021-02-28;0.0
Equatorial Guinea;2021-03-31;0.0
Equatorial Guinea;2021-04-30;0.0
Equatorial Guinea;2021-05-16;0.0
Eritrea;2020-03-31;0.0
Eritrea;2020-04-30;0.0
Eritrea;2020-05-31;0.0
Eritrea;2020-06-30;0.0
Eritrea;2020-07-31;0.0
Eritrea;2020-08-31;0.0
Eritrea;2020-09-30;0.0
Eritrea;2020-10-31;0.0
Eritrea;2020-11-30;0.0
Eritrea;2020-12-31;0.0
Eritrea;2021-01-31;0.0
Eritrea;2021-02-28;0.0
Eritrea;2021-03-31;0.0
Eritrea;2021-04-30;0.0
Eritrea;2021-05-16;0.0
Estonia;2020-02-29;0.0
Estonia;2020-03-31;0.0
Estonia;2020-04-30;0.0
Estonia;2020-05-31;0.0
Estonia;2020-06-30;0.0
Estonia;2020-07-31;0.0
Estonia;2020-08-31;0.0
Estonia;2020-09-30;0.0
Estonia;2020-10-31;0.0
Estonia;2020-11-30;0.0
Estonia;2020-12-31;0.0
Estonia;2021-01-31;0.7876888655365579
Estonia;2021-02-28;2.567357612554173
Estonia;2021-03-31;4.802648094025129
Estonia;2021-04-30;9.222193995050278
Estonia;2021-05-16;13.417849004062452
Eswatini;2020-03-31;0.0
Eswatini;2020-04-30;0.0
Eswatini;2020-05-31;0.0
Eswatini;2020-06-30;0.0
Eswatini;2020-07-31;0.0
Eswatini;2020-08-31;0.0
Eswatini;2020-09-30;0.0
Eswatini;2020-10-31;0.0
Eswatini;2020-11-30;0.0
Eswatini;2020-12-31;0.0
Eswatini;2021-01-31;0.0
Eswatini;2021-02-28;0.0
Eswatini;2021-03-31;0.0
Eswatini;2021-04-30;0.0
Eswatini;2021-05-16;0.0
Ethiopia;2020-03-31;0.0
Ethiopia;2020-04-30;0.0
Ethiopia;2020-05-31;0.0
Ethiopia;2020-06-30;0.0
Ethiopia;2020-07-31;0.0
Ethiopia;2020-08-31;0.0
Ethiopia;2020-09-30;0.0
Ethiopia;2020-10-31;0.0
Ethiopia;2020-11-30;0.0
Ethiopia;2020-12-31;0.0
Ethiopia;2021-01-31;0.0
Ethiopia;2021-02-28;0.0
Ethiopia;2021-03-31;0.0
Ethiopia;2021-04-30;0.0
Ethiopia;2021-05-16;0.0
Europe;2020-01-31;0.0
Europe;2020-02-29;0.0
Europe;2020-03-31;0.0
Europe;2020-04-30;0.0
Europe;2020-05-31;0.0
Europe;2020-06-30;0.0
Europe;2020-07-31;0.0
Europe;2020-08-31;0.0
Europe;2020-09-30;0.0
Europe;2020-10-31;0.0
Europe;2020-11-30;0.0
Europe;2020-12-31;0.0001401132531017064
Europe;2021-01-31;0.40580244163011103
Europe;2021-02-28;1.7598177840633822
Europe;2021-03-31;4.4501748316209015
Europe;2021-04-30;8.760623491367445
Europe;2021-05-16;12.197176441730546
European Union;2020-01-31;0.0
European Union;2020-02-29;0.0
European Union;2020-03-31;0.0
European Union;2020-04-30;0.0
European Union;2020-05-31;0.0
European Union;2020-06-30;0.0
European Union;2020-07-31;0.0
European Union;2020-08-31;0.0
European Union;2020-09-30;0.0
European Union;2020-10-31;0.0
European Union;2020-11-30;0.0
European Union;2020-12-31;0.0002357732213135576
European Union;2021-01-31;0.565503532260452
European Union;2021-02-28;2.556598047294265
European Union;2021-03-31;5.037937012633264
European Union;2021-04-30;8.985454343088831
European Union;2021-05-16;12.889654356457555
Faeroe Islands;2021-01-31;0.0
Faeroe Islands;2021-02-28;0.0
Faeroe Islands;2021-03-31;0.0
Faeroe Islands;2021-04-30;0.0
Faeroe Islands;2021-05-16;16.01146014529827
Falkland Islands;2021-02-28;0.0
Falkland Islands;2021-03-31;0.0
Falkland Islands;2021-04-14;50.961814527706
Fiji;2020-01-31;0.0
Fiji;2020-02-29;0.0
Fiji;2020-03-31;0.0
Fiji;2020-04-30;0.0
Fiji;2020-05-31;0.0
Fiji;2020-06-30;0.0
Fiji;2020-07-31;0.0
Fiji;2020-08-31;0.0
Fiji;2020-09-30;0.0
Fiji;2020-10-31;0.0
Fiji;2020-11-30;0.0
Fiji;2020-12-31;0.0
Fiji;2021-01-31;0.0
Fiji;2021-02-28;0.0
Fiji;2021-03-31;0.0
Fiji;2021-04-30;0.0
Fiji;2021-05-16;0.0
Finland;2020-01-31;0.0
Finland;2020-02-29;0.0
Finland;2020-03-31;0.0
Finland;2020-04-30;0.0
Finland;2020-05-31;0.0
Finland;2020-06-30;0.0
Finland;2020-07-31;0.0
Finland;2020-08-31;0.0
Finland;2020-09-30;0.0
Finland;2020-10-31;0.0
Finland;2020-11-30;0.0
Finland;2020-12-31;0.0
Finland;2021-01-31;0.0
Finland;2021-02-28;1.4641604210862202
Finland;2021-03-31;1.605459797809598
Finland;2021-04-30;3.0002068323996998
Finland;2021-05-16;0.0
France;2020-01-31;0.0
France;2020-02-29;0.0
France;2020-03-31;0.0
France;2020-04-30;0.0
France;2020-05-31;0.0
France;2020-06-30;0.0
France;2020-07-31;0.0
France;2020-08-31;0.0
France;2020-09-30;0.0
France;2020-10-31;0.0
France;2020-11-30;0.0
France;2020-12-31;0.0
France;2021-01-31;0.07167251805988346
France;2021-02-28;2.3660293370232135
France;2021-03-31;4.249433624299336
France;2021-04-30;9.631757776756823
France;2021-05-16;0.0
French Polynesia;2021-02-28;0.0
French Polynesia;2021-03-31;0.0
French Polynesia;2021-04-30;0.0
French Polynesia;2021-05-11;11.212015492837411
Gabon;2020-03-31;0.0
Gabon;2020-04-30;0.0
Gabon;2020-05-31;0.0
Gabon;2020-06-30;0.0
Gabon;2020-07-31;0.0
Gabon;2020-08-31;0.0
Gabon;2020-09-30;0.0
Gabon;2020-10-31;0.0
Gabon;2020-11-30;0.0
Gabon;2020-12-31;0.0
Gabon;2021-01-31;0.0
Gabon;2021-02-28;0.0
Gabon;2021-03-31;0.0
Gabon;2021-04-30;0.11874766368576933
Gabon;2021-05-16;0.0
Gambia;2020-03-31;0.0
Gambia;2020-04-30;0.0
Gambia;2020-05-31;0.0
Gambia;2020-06-30;0.0
Gambia;2020-07-31;0.0
Gambia;2020-08-31;0.0
Gambia;2020-09-30;0.0
Gambia;2020-10-31;0.0
Gambia;2020-11-30;0.0
Gambia;2020-12-31;0.0
Gambia;2021-01-31;0.0
Gambia;2021-02-28;0.0
Gambia;2021-03-31;0.0
Gambia;2021-04-30;0.0
Gambia;2021-05-16;0.0
Georgia;2020-02-29;0.0
Georgia;2020-03-31;0.0
Georgia;2020-04-30;0.0
Georgia;2020-05-31;0.0
Georgia;2020-06-30;0.0
Georgia;2020-07-31;0.0
Georgia;2020-08-31;0.0
Georgia;2020-09-30;0.0
Georgia;2020-10-31;0.0
Georgia;2020-11-30;0.0
Georgia;2020-12-31;0.0
Georgia;2021-01-31;0.0
Georgia;2021-02-28;0.0
Georgia;2021-03-31;0.0
Georgia;2021-04-30;0.15201138079928808
Georgia;2021-05-16;0.0
Germany;2020-01-31;0.0
Germany;2020-02-29;0.0
Germany;2020-03-31;0.0
Germany;2020-04-30;0.0
Germany;2020-05-31;0.0
Germany;2020-06-30;0.0
Germany;2020-07-31;0.0
Germany;2020-08-31;0.0
Germany;2020-09-30;0.0
Germany;2020-10-31;0.0
Germany;2020-11-30;0.0
Germany;2020-12-31;0.001246062118464343
Germany;2021-01-31;0.7183870370391368
Germany;2021-02-28;2.6029103785934167
Germany;2021-03-31;5.051548957261442
Germany;2021-04-30;7.815931799344135
Germany;2021-05-16;0.0
Ghana;2020-03-31;0.0
Ghana;2020-04-30;0.0
Ghana;2020-05-31;0.0
Ghana;2020-06-30;0.0
Ghana;2020-07-31;0.0
Ghana;2020-08-31;0.0
Ghana;2020-09-30;0.0
Ghana;2020-10-31;0.0
Ghana;2020-11-30;0.0
Ghana;2020-12-31;0.0
Ghana;2021-01-31;0.0
Ghana;2021-02-28;0.0
Ghana;2021-03-31;0.0
Ghana;2021-04-30;0.0
Ghana;2021-05-16;0.0
Gibraltar;2021-01-31;1.1872606927666143
Gibraltar;2021-02-28;39.446736517170756
Gibraltar;2021-03-31;84.66949630465109
Gibraltar;2021-04-30;99.76254786144668
Gibraltar;2021-05-14;105.53560298002434
Greece;2020-02-29;0.0
Greece;2020-03-31;0.0
Greece;2020-04-30;0.0
Greece;2020-05-31;0.0
Greece;2020-06-30;0.0
Greece;2020-07-31;0.0
Greece;2020-08-31;0.0
Greece;2020-09-30;0.0
Greece;2020-10-31;0.0
Greece;2020-11-30;0.0
Greece;2020-12-31;0.0
Greece;2021-01-31;0.0
Greece;2021-02-28;0.0
Greece;2021-03-31;5.825297302441817
Greece;2021-04-30;9.05812076611696
Greece;2021-05-16;0.0
Greenland;2021-01-31;0.0
Greenland;2021-02-28;0.0
Greenland;2021-03-31;0.0
Greenland;2021-04-30;0.0
Greenland;2021-05-14;10.649616007891213
Grenada;2020-03-31;0.0
Grenada;2020-04-30;0.0
Grenada;2020-05-31;0.0
Grenada;2020-06-30;0.0
Grenada;2020-07-31;0.0
Grenada;2020-08-31;0.0
Grenada;2020-09-30;0.0
Grenada;2020-10-31;0.0
Grenada;2020-11-30;0.0
Grenada;2020-12-31;0.0
Grenada;2021-01-31;0.0
Grenada;2021-02-28;0.0
Grenada;2021-03-31;0.0
Grenada;2021-04-30;0.0
Grenada;2021-05-16;0.0
Guatemala;2020-02-29;0.0
Guatemala;2020-03-31;0.0
Guatemala;2020-04-30;0.0
Guatemala;2020-05-31;0.0
Guatemala;2020-06-30;0.0
Guatemala;2020-07-31;0.0
Guatemala;2020-08-31;0.0
Guatemala;2020-09-30;0.0
Guatemala;2020-10-31;0.0
Guatemala;2020-11-30;0.0
Guatemala;2020-12-31;0.0
Guatemala;2021-01-31;0.0
Guatemala;2021-02-28;0.0
Guatemala;2021-03-31;0.0066534316217845635
Guatemala;2021-04-30;0.010594138605828104
Guatemala;2021-05-16;0.0
Guernsey;2021-01-31;0.0
Guernsey;2021-02-28;0.0
Guernsey;2021-03-31;0.0
Guernsey;2021-04-30;0.0
Guernsey;2021-05-13;0.0
Guinea;2020-03-31;0.0
Guinea;2020-04-30;0.0
Guinea;2020-05-31;0.0
Guinea;2020-06-30;0.0
Guinea;2020-07-31;0.0
Guinea;2020-08-31;0.0
Guinea;2020-09-30;0.0
Guinea;2020-10-31;0.0
Guinea;2020-11-30;0.0
Guinea;2020-12-31;0.0
Guinea;2021-01-31;0.0
Guinea;2021-02-28;0.0
Guinea;2021-03-31;0.02019372575153859
Guinea;2021-04-30;0.3671877236767323
Guinea;2021-05-16;0.0
Guinea-Bissau;2020-03-31;0.0
Guinea-Bissau;2020-04-30;0.0
Guinea-Bissau;2020-05-31;0.0
Guinea-Bissau;2020-06-30;0.0
Guinea-Bissau;2020-07-31;0.0
Guinea-Bissau;2020-08-31;0.0
Guinea-Bissau;2020-09-30;0.0
Guinea-Bissau;2020-10-31;0.0
Guinea-Bissau;2020-11-30;0.0
Guinea-Bissau;2020-12-31;0.0
Guinea-Bissau;2021-01-31;0.0
Guinea-Bissau;2021-02-28;0.0
Guinea-Bissau;2021-03-31;0.0
Guinea-Bissau;2021-04-30;0.0
Guinea-Bissau;2021-05-16;0.0
Guyana;2020-03-31;0.0
Guyana;2020-04-30;0.0
Guyana;2020-05-31;0.0
Guyana;2020-06-30;0.0
Guyana;2020-07-31;0.0
Guyana;2020-08-31;0.0
Guyana;2020-09-30;0.0
Guyana;2020-10-31;0.0
Guyana;2020-11-30;0.0
Guyana;2020-12-31;0.0
Guyana;2021-01-31;0.0
Guyana;2021-02-28;0.0
Guyana;2021-03-31;0.0
Guyana;2021-04-30;0.0
Guyana;2021-05-16;0.0
Haiti;2020-03-31;0.0
Haiti;2020-04-30;0.0
Haiti;2020-05-31;0.0
Haiti;2020-06-30;0.0
Haiti;2020-07-31;0.0
Haiti;2020-08-31;0.0
Haiti;2020-09-30;0.0
Haiti;2020-10-31;0.0
Haiti;2020-11-30;0.0
Haiti;2020-12-31;0.0
Haiti;2021-01-31;0.0
Haiti;2021-02-28;0.0
Haiti;2021-03-31;0.0
Haiti;2021-04-30;0.0
Haiti;2021-05-16;0.0
Honduras;2020-03-31;0.0
Honduras;2020-04-30;0.0
Honduras;2020-05-31;0.0
Honduras;2020-06-30;0.0
Honduras;2020-07-31;0.0
Honduras;2020-08-31;0.0
Honduras;2020-09-30;0.0
Honduras;2020-10-31;0.0
Honduras;2020-11-30;0.0
Honduras;2020-12-31;0.0
Honduras;2021-01-31;0.0
Honduras;2021-02-28;0.0
Honduras;2021-03-31;0.0
Honduras;2021-04-30;0.0
Honduras;2021-05-16;0.0
Hong Kong;2020-02-29;0.0
Hong Kong;2020-03-31;0.0
Hong Kong;2020-04-30;0.0
Hong Kong;2020-05-31;0.0
Hong Kong;2020-06-30;0.0
Hong Kong;2020-07-31;0.0
Hong Kong;2020-08-31;0.0
Hong Kong;2020-09-30;0.0
Hong Kong;2020-10-31;0.0
Hong Kong;2020-11-30;0.0
Hong Kong;2020-12-31;0.0
Hong Kong;2021-01-31;0.0
Hong Kong;2021-02-28;0.0
Hong Kong;2021-03-31;0.5874359142631681
Hong Kong;2021-04-30;6.635424786594296
Hong Kong;2021-05-16;10.500163532341254
Hungary;2020-03-31;0.0
Hungary;2020-04-30;0.0
Hungary;2020-05-31;0.0
Hungary;2020-06-30;0.0
Hungary;2020-07-31;0.0
Hungary;2020-08-31;0.0
Hungary;2020-09-30;0.0
Hungary;2020-10-31;0.0
Hungary;2020-11-30;0.0
Hungary;2020-12-31;0.0
Hungary;2021-01-31;0.6342006242009866
Hungary;2021-02-28;2.6054024957687867
Hungary;2021-03-31;8.148845538722718
Hungary;2021-04-30;20.172436816471453
Hungary;2021-05-16;28.230498894967575
Iceland;2020-02-29;0.0
Iceland;2020-03-31;0.0
Iceland;2020-04-30;0.0
Iceland;2020-05-31;0.0
Iceland;2020-06-30;0.0
Iceland;2020-07-31;0.0
Iceland;2020-08-31;0.0
Iceland;2020-09-30;0.0
Iceland;2020-10-31;0.0
Iceland;2020-11-30;0.0
Iceland;2020-12-31;0.0
Iceland;2021-01-31;0.0
Iceland;2021-02-28;0.0
Iceland;2021-03-31;6.944468864468864
Iceland;2021-04-30;10.616263736263736
Iceland;2021-05-16;0.0
India;2020-01-31;0.0
India;2020-02-29;0.0
India;2020-03-31;0.0
India;2020-04-30;0.0
India;2020-05-31;0.0
India;2020-06-30;0.0
India;2020-07-31;0.0
India;2020-08-31;0.0
India;2020-09-30;0.0
India;2020-10-31;0.0
India;2020-11-30;0.0
India;2020-12-31;0.0
India;2021-01-31;0.0
India;2021-02-28;0.17798428952093512
India;2021-03-31;0.6764250245480198
India;2021-04-30;1.9290630732307419
India;2021-05-16;2.9338074168510704
Indonesia;2020-03-31;0.0
Indonesia;2020-04-30;0.0
Indonesia;2020-05-31;0.0
Indonesia;2020-06-30;0.0
Indonesia;2020-07-31;0.0
Indonesia;2020-08-31;0.0
Indonesia;2020-09-30;0.0
Indonesia;2020-10-31;0.0
Indonesia;2020-11-30;0.0
Indonesia;2020-12-31;0.0
Indonesia;2021-01-31;0.008243529358658205
Indonesia;2021-02-28;0.36502843752569364
Indonesia;2021-03-31;1.3398140850146174
Indonesia;2021-04-30;2.7954748376192344
Indonesia;2021-05-16;3.281594827965516
International;2020-02-29;
International;2020-03-31;
International;2020-04-30;
International;2020-05-31;
International;2020-06-30;
International;2020-07-31;
International;2020-08-31;
International;2020-09-30;
International;2020-10-31;
International;2020-11-30;
International;2020-12-31;
International;2021-01-31;
International;2021-02-28;
International;2021-03-31;
International;2021-04-30;
International;2021-05-16;
Iran;2020-02-29;0.0
Iran;2020-03-31;0.0
Iran;2020-04-30;0.0
Iran;2020-05-31;0.0
Iran;2020-06-30;0.0
Iran;2020-07-31;0.0
Iran;2020-08-31;0.0
Iran;2020-09-30;0.0
Iran;2020-10-31;0.0
Iran;2020-11-30;0.0
Iran;2020-12-31;0.0
Iran;2021-01-31;0.0
Iran;2021-02-28;0.0
Iran;2021-03-31;0.0
Iran;2021-04-30;0.24981500531360054
Iran;2021-05-16;0.0
Iraq;2020-02-29;0.0
Iraq;2020-03-31;0.0
Iraq;2020-04-30;0.0
Iraq;2020-05-31;0.0
Iraq;2020-06-30;0.0
Iraq;2020-07-31;0.0
Iraq;2020-08-31;0.0
Iraq;2020-09-30;0.0
Iraq;2020-10-31;0.0
Iraq;2020-11-30;0.0
Iraq;2020-12-31;0.0
Iraq;2021-01-31;0.0
Iraq;2021-02-28;0.0
Iraq;2021-03-31;0.0
Iraq;2021-04-30;0.0
Iraq;2021-05-16;0.0
Ireland;2020-02-29;0.0
Ireland;2020-03-31;0.0
Ireland;2020-04-30;0.0
Ireland;2020-05-31;0.0
Ireland;2020-06-30;0.0
Ireland;2020-07-31;0.0
Ireland;2020-08-31;0.0
Ireland;2020-09-30;0.0
Ireland;2020-10-31;0.0
Ireland;2020-11-30;0.0
Ireland;2020-12-31;0.0
Ireland;2021-01-31;0.9984211579417214
Ireland;2021-02-28;2.8734074878751574
Ireland;2021-03-31;4.991234955838597
Ireland;2021-04-30;8.947737006551101
Ireland;2021-05-16;0.0
Isle of Man;2021-01-31;0.0
Isle of Man;2021-02-28;8.619108100479819
Isle of Man;2021-03-31;18.006162385925297
Isle of Man;2021-04-30;0.0
Isle of Man;2021-05-12;18.694138677203874
Israel;2020-02-29;0.0
Israel;2020-03-31;0.0
Israel;2020-04-30;0.0
Israel;2020-05-31;0.0
Israel;2020-06-30;0.0
Israel;2020-07-31;0.0
Israel;2020-08-31;0.0
Israel;2020-09-30;0.0
Israel;2020-10-31;0.0
Israel;2020-11-30;0.0
Israel;2020-12-31;0.0
Israel;2021-01-31;21.364141190019204
Israel;2021-02-28;39.236392040659275
Israel;2021-03-31;55.39119969508549
Israel;2021-04-30;58.32988371264142
Israel;2021-05-16;58.88543535291439
Italy;2020-02-29;0.0
Italy;2020-03-31;0.0
Italy;2020-04-30;0.0
Italy;2020-05-31;0.0
Italy;2020-06-30;0.0
Italy;2020-07-31;0.0
Italy;2020-08-31;0.0
Italy;2020-09-30;0.0
Italy;2020-10-31;0.0
Italy;2020-11-30;0.0
Italy;2020-12-31;0.0
Italy;2021-01-31;1.0591277524721878
Italy;2021-02-28;2.3540935613127676
Italy;2021-03-31;5.359118483814283
Italy;2021-04-30;9.901177648813398
Italy;2021-05-16;14.269922503831673
Jamaica;2020-03-31;0.0
Jamaica;2020-04-30;0.0
Jamaica;2020-05-31;0.0
Jamaica;2020-06-30;0.0
Jamaica;2020-07-31;0.0
Jamaica;2020-08-31;0.0
Jamaica;2020-09-30;0.0
Jamaica;2020-10-31;0.0
Jamaica;2020-11-30;0.0
Jamaica;2020-12-31;0.0
Jamaica;2021-01-31;0.0
Jamaica;2021-02-28;0.0
Jamaica;2021-03-31;0.0
Jamaica;2021-04-30;0.0
Jamaica;2021-05-16;0.0
Japan;2020-01-31;0.0
Japan;2020-02-29;0.0
Japan;2020-03-31;0.0
Japan;2020-04-30;0.0
Japan;2020-05-31;0.0
Japan;2020-06-30;0.0
Japan;2020-07-31;0.0
Japan;2020-08-31;0.0
Japan;2020-09-30;0.0
Japan;2020-10-31;0.0
Japan;2020-11-30;0.0
Japan;2020-12-31;0.0
Japan;2021-01-31;0.0
Japan;2021-02-28;0.0
Japan;2021-03-31;0.09929120564081577
Japan;2021-04-30;0.0
Japan;2021-05-16;1.36916626808129
Jersey;2021-03-31;0.0
Jersey;2021-04-30;0.0
Jersey;2021-05-13;38.22682615535306
Jordan;2020-03-31;0.0
Jordan;2020-04-30;0.0
Jordan;2020-05-31;0.0
Jordan;2020-06-30;0.0
Jordan;2020-07-31;0.0
Jordan;2020-08-31;0.0
Jordan;2020-09-30;0.0
Jordan;2020-10-31;0.0
Jordan;2020-11-30;0.0
Jordan;2020-12-31;0.0
Jordan;2021-01-31;0.0
Jordan;2021-02-28;0.0
Jordan;2021-03-31;0.0
Jordan;2021-04-30;0.0
Jordan;2021-05-16;0.0
Kazakhstan;2020-03-31;0.0
Kazakhstan;2020-04-30;0.0
Kazakhstan;2020-05-31;0.0
Kazakhstan;2020-06-30;0.0
Kazakhstan;2020-07-31;0.0
Kazakhstan;2020-08-31;0.0
Kazakhstan;2020-09-30;0.0
Kazakhstan;2020-10-31;0.0
Kazakhstan;2020-11-30;0.0
Kazakhstan;2020-12-31;0.0
Kazakhstan;2021-01-31;0.0
Kazakhstan;2021-02-28;0.0
Kazakhstan;2021-03-31;0.0
Kazakhstan;2021-04-30;0.0
Kazakhstan;2021-05-16;4.015491108211893
Kenya;2020-03-31;0.0
Kenya;2020-04-30;0.0
Kenya;2020-05-31;0.0
Kenya;2020-06-30;0.0
Kenya;2020-07-31;0.0
Kenya;2020-08-31;0.0
Kenya;2020-09-30;0.0
Kenya;2020-10-31;0.0
Kenya;2020-11-30;0.0
Kenya;2020-12-31;0.0
Kenya;2021-01-31;0.0
Kenya;2021-02-28;0.0
Kenya;2021-03-31;0.0
Kenya;2021-04-30;0.0
Kenya;2021-05-16;0.0
Kosovo;2020-03-31;0.0
Kosovo;2020-04-30;0.0
Kosovo;2020-05-31;0.0
Kosovo;2020-06-30;0.0
Kosovo;2020-07-31;0.0
Kosovo;2020-08-31;0.0
Kosovo;2020-09-30;0.0
Kosovo;2020-10-31;0.0
Kosovo;2020-11-30;0.0
Kosovo;2020-12-31;0.0
Kosovo;2021-01-31;0.0
Kosovo;2021-02-28;0.0
Kosovo;2021-03-31;0.0
Kosovo;2021-04-30;0.0
Kosovo;2021-05-16;0.0
Kuwait;2020-02-29;0.0
Kuwait;2020-03-31;0.0
Kuwait;2020-04-30;0.0
Kuwait;2020-05-31;0.0
Kuwait;2020-06-30;0.0
Kuwait;2020-07-31;0.0
Kuwait;2020-08-31;0.0
Kuwait;2020-09-30;0.0
Kuwait;2020-10-31;0.0
Kuwait;2020-11-30;0.0
Kuwait;2020-12-31;0.0
Kuwait;2021-01-31;0.0
Kuwait;2021-02-28;0.0
Kuwait;2021-03-31;0.0
Kuwait;2021-04-30;0.0
Kuwait;2021-05-16;0.0
Kyrgyzstan;2020-03-31;0.0
Kyrgyzstan;2020-04-30;0.0
Kyrgyzstan;2020-05-31;0.0
Kyrgyzstan;2020-06-30;0.0
Kyrgyzstan;2020-07-31;0.0
Kyrgyzstan;2020-08-31;0.0
Kyrgyzstan;2020-09-30;0.0
Kyrgyzstan;2020-10-31;0.0
Kyrgyzstan;2020-11-30;0.0
Kyrgyzstan;2020-12-31;0.0
Kyrgyzstan;2021-01-31;0.0
Kyrgyzstan;2021-02-28;0.0
Kyrgyzstan;2021-03-31;0.0
Kyrgyzstan;2021-04-30;0.0
Kyrgyzstan;2021-05-16;0.0
Laos;2020-03-31;0.0
Laos;2020-04-30;0.0
Laos;2020-05-31;0.0
Laos;2020-06-30;0.0
Laos;2020-07-31;0.0
Laos;2020-08-31;0.0
Laos;2020-09-30;0.0
Laos;2020-10-31;0.0
Laos;2020-11-30;0.0
Laos;2020-12-31;0.0
Laos;2021-01-31;0.0
Laos;2021-02-28;0.0
Laos;2021-03-31;0.0
Laos;2021-04-30;0.0
Laos;2021-05-16;0.0
Latvia;2020-02-29;0.0
Latvia;2020-03-31;0.0
Latvia;2020-04-30;0.0
Latvia;2020-05-31;0.0
Latvia;2020-06-30;0.0
Latvia;2020-07-31;0.0
Latvia;2020-08-31;0.0
Latvia;2020-09-30;0.0
Latvia;2020-10-31;0.0
Latvia;2020-11-30;0.0
Latvia;2020-12-31;0.0
Latvia;2021-01-31;0.35356764545896996
Latvia;2021-02-28;0.9044630426645714
Latvia;2021-03-31;1.2893104768206163
Latvia;2021-04-30;2.867985507384681
Latvia;2021-05-16;6.190747332470224
Lebanon;2020-02-29;0.0
Lebanon;2020-03-31;0.0
Lebanon;2020-04-30;0.0
Lebanon;2020-05-31;0.0
Lebanon;2020-06-30;0.0
Lebanon;2020-07-31;0.0
Lebanon;2020-08-31;0.0
Lebanon;2020-09-30;0.0
Lebanon;2020-10-31;0.0
Lebanon;2020-11-30;0.0
Lebanon;2020-12-31;0.0
Lebanon;2021-01-31;0.0
Lebanon;2021-02-28;0.0
Lebanon;2021-03-31;1.21592125462351
Lebanon;2021-04-30;2.468206454614954
Lesotho;2020-05-31;0.0
Lesotho;2020-06-30;0.0
Lesotho;2020-07-31;0.0
Lesotho;2020-08-31;0.0
Lesotho;2020-09-30;0.0
Lesotho;2020-10-31;0.0
Lesotho;2020-11-30;0.0
Lesotho;2020-12-31;0.0
Lesotho;2021-01-31;0.0
Lesotho;2021-02-28;0.0
Lesotho;2021-03-31;0.0
Lesotho;2021-04-30;0.0
Lesotho;2021-05-16;0.0
Liberia;2020-03-31;0.0
Liberia;2020-04-30;0.0
Liberia;2020-05-31;0.0
Liberia;2020-06-30;0.0
Liberia;2020-07-31;0.0
Liberia;2020-08-31;0.0
Liberia;2020-09-30;0.0
Liberia;2020-10-31;0.0
Liberia;2020-11-30;0.0
Liberia;2020-12-31;0.0
Liberia;2021-01-31;0.0
Liberia;2021-02-28;0.0
Liberia;2021-03-31;0.0
Liberia;2021-04-30;0.0
Liberia;2021-05-16;0.0
Libya;2020-03-31;0.0
Libya;2020-04-30;0.0
Libya;2020-05-31;0.0
Libya;2020-06-30;0.0
Libya;2020-07-31;0.0
Libya;2020-08-31;0.0
Libya;2020-09-30;0.0
Libya;2020-10-31;0.0
Libya;2020-11-30;0.0
Libya;2020-12-31;0.0
Libya;2021-01-31;0.0
Libya;2021-02-28;0.0
Libya;2021-03-31;0.0
Libya;2021-04-30;0.0
Libya;2021-05-16;0.0
Liechtenstein;2020-03-31;0.0
Liechtenstein;2020-04-30;0.0
Liechtenstein;2020-05-31;0.0
Liechtenstein;2020-06-30;0.0
Liechtenstein;2020-07-31;0.0
Liechtenstein;2020-08-31;0.0
Liechtenstein;2020-09-30;0.0
Liechtenstein;2020-10-31;0.0
Liechtenstein;2020-11-30;0.0
Liechtenstein;2020-12-31;0.0
Liechtenstein;2021-01-31;0.0
Liechtenstein;2021-02-28;2.1501429058394734
Liechtenstein;2021-03-31;4.940084432440937
Liechtenstein;2021-04-30;10.96835094527624
Liechtenstein;2021-05-16;0.0
Lithuania;2020-03-31;0.0
Lithuania;2020-04-30;0.0
Lithuania;2020-05-31;0.0
Lithuania;2020-06-30;0.0
Lithuania;2020-07-31;0.0
Lithuania;2020-08-31;0.0
Lithuania;2020-09-30;0.0
Lithuania;2020-10-31;0.0
Lithuania;2020-11-30;0.0
Lithuania;2020-12-31;0.0
Lithuania;2021-01-31;0.8144977888109685
Lithuania;2021-02-28;2.707498941149201
Lithuania;2021-03-31;6.154705723965587
Lithuania;2021-04-30;10.929727938710448
Lithuania;2021-05-16;16.33748926914867
Luxembourg;2020-02-29;0.0
Luxembourg;2020-03-31;0.0
Luxembourg;2020-04-30;0.0
Luxembourg;2020-05-31;0.0
Luxembourg;2020-06-30;0.0
Luxembourg;2020-07-31;0.0
Luxembourg;2020-08-31;0.0
Luxembourg;2020-09-30;0.0
Luxembourg;2020-10-31;0.0
Luxembourg;2020-11-30;0.0
Luxembourg;2020-12-31;0.0
Luxembourg;2021-01-31;0.2683808963921939
Luxembourg;2021-02-28;1.7093307091645686
Luxembourg;2021-03-31;3.595185757920431
Luxembourg;2021-04-30;0.0
Luxembourg;2021-05-16;0.0
Macao;2021-02-28;0.0
Macao;2021-03-31;0.0
Macao;2021-04-30;5.553621974244697
Macao;2021-05-16;7.4336790166045015
Madagascar;2020-03-31;0.0
Madagascar;2020-04-30;0.0
Madagascar;2020-05-31;0.0
Madagascar;2020-06-30;0.0
Madagascar;2020-07-31;0.0
Madagascar;2020-08-31;0.0
Madagascar;2020-09-30;0.0
Madagascar;2020-10-31;0.0
Madagascar;2020-11-30;0.0
Madagascar;2020-12-31;0.0
Madagascar;2021-01-31;0.0
Madagascar;2021-02-28;0.0
Madagascar;2021-03-31;0.0
Madagascar;2021-04-30;0.0
Madagascar;2021-05-16;0.0
Malawi;2020-03-31;0.0
Malawi;2020-04-30;0.0
Malawi;2020-05-31;0.0
Malawi;2020-06-30;0.0
Malawi;2020-07-31;0.0
Malawi;2020-08-31;0.0
Malawi;2020-09-30;0.0
Malawi;2020-10-31;0.0
Malawi;2020-11-30;0.0
Malawi;2020-12-31;0.0
Malawi;2021-01-31;0.0
Malawi;2021-02-28;0.0
Malawi;2021-03-31;0.0
Malawi;2021-04-30;0.0
Malawi;2021-05-16;0.0
Malaysia;2020-01-31;0.0
Malaysia;2020-02-29;0.0
Malaysia;2020-03-31;0.0
Malaysia;2020-04-30;0.0
Malaysia;2020-05-31;0.0
Malaysia;2020-06-30;0.0
Malaysia;2020-07-31;0.0
Malaysia;2020-08-31;0.0
Malaysia;2020-09-30;0.0
Malaysia;2020-10-31;0.0
Malaysia;2020-11-30;0.0
Malaysia;2020-12-31;0.0
Malaysia;2021-01-31;0.0
Malaysia;2021-02-28;0.0
Malaysia;2021-03-31;0.6654977856700108
Malaysia;2021-04-30;0.0
Malaysia;2021-05-16;2.2518230397221184
Maldives;2020-03-31;0.0
Maldives;2020-04-30;0.0
Maldives;2020-05-31;0.0
Maldives;2020-06-30;0.0
Maldives;2020-07-31;0.0
Maldives;2020-08-31;0.0
Maldives;2020-09-30;0.0
Maldives;2020-10-31;0.0
Maldives;2020-11-30;0.0
Maldives;2020-12-31;0.0
Maldives;2021-01-31;0.0
Maldives;2021-02-28;0.0
Maldives;2021-03-31;0.0
Maldives;2021-04-30;0.0
Maldives;2021-05-16;0.0
Mali;2020-03-31;0.0
Mali;2020-04-30;0.0
Mali;2020-05-31;0.0
Mali;2020-06-30;0.0
Mali;2020-07-31;0.0
Mali;2020-08-31;0.0
Mali;2020-09-30;0.0
Mali;2020-10-31;0.0
Mali;2020-11-30;0.0
Mali;2020-12-31;0.0
Mali;2021-01-31;0.0
Mali;2021-02-28;0.0
Mali;2021-03-31;0.0
Mali;2021-04-30;0.0
Mali;2021-05-16;0.0
Malta;2020-02-29;0.0
Malta;2020-03-31;0.0
Malta;2020-04-30;0.0
Malta;2020-05-31;0.0
Malta;2020-06-30;0.0
Malta;2020-07-31;0.0
Malta;2020-08-31;0.0
Malta;2020-09-30;0.0
Malta;2020-10-31;0.0
Malta;2020-11-30;0.0
Malta;2020-12-31;0.0
Malta;2021-01-31;0.8941452510423769
Malta;2021-02-28;6.352326748033582
Malta;2021-03-31;12.360856005924731
Malta;2021-04-30;24.242026185682352
Malta;2021-05-16;0.0
Marshall Islands;2020-10-31;0.0
Marshall Islands;2020-11-30;0.0
Marshall Islands;2020-12-31;0.0
Marshall Islands;2021-01-31;0.0
Marshall Islands;2021-02-28;0.0
Marshall Islands;2021-03-31;0.0
Marshall Islands;2021-04-30;0.0
Marshall Islands;2021-05-16;0.0
Mauritania;2020-03-31;0.0
Mauritania;2020-04-30;0.0
Mauritania;2020-05-31;0.0
Mauritania;2020-06-30;0.0
Mauritania;2020-07-31;0.0
Mauritania;2020-08-31;0.0
Mauritania;2020-09-30;0.0
Mauritania;2020-10-31;0.0
Mauritania;2020-11-30;0.0
Mauritania;2020-12-31;0.0
Mauritania;2021-01-31;0.0
Mauritania;2021-02-28;0.0
Mauritania;2021-03-31;0.0
Mauritania;2021-04-30;0.0
Mauritania;2021-05-16;0.0
Mauritius;2020-03-31;0.0
Mauritius;2020-04-30;0.0
Mauritius;2020-05-31;0.0
Mauritius;2020-06-30;0.0
Mauritius;2020-07-31;0.0
Mauritius;2020-08-31;0.0
Mauritius;2020-09-30;0.0
Mauritius;2020-10-31;0.0
Mauritius;2020-11-30;0.0
Mauritius;2020-12-31;0.0
Mauritius;2021-01-31;0.0
Mauritius;2021-02-28;0.0
Mauritius;2021-03-31;0.0
Mauritius;2021-04-30;0.0
Mauritius;2021-05-16;0.0
Mexico;2020-01-31;0.0
Mexico;2020-02-29;0.0
Mexico;2020-03-31;0.0
Mexico;2020-04-30;0.0
Mexico;2020-05-31;0.0
Mexico;2020-06-30;0.0
Mexico;2020-07-31;0.0
Mexico;2020-08-31;0.0
Mexico;2020-09-30;0.0
Mexico;2020-10-31;0.0
Mexico;2020-11-30;0.0
Mexico;2020-12-31;0.0
Mexico;2021-01-31;0.03245257626663723
Mexico;2021-02-28;0.4385410121507295
Mexico;2021-03-31;0.7335909441102215
Mexico;2021-04-30;5.770790452291048
Mexico;2021-05-16;8.224811580653986
Micronesia (country);2021-01-31;0.0
Micronesia (country);2021-02-28;0.0
Micronesia (country);2021-03-31;0.0
Micronesia (country);2021-04-30;0.0
Micronesia (country);2021-05-16;0.0
Moldova;2020-03-31;0.0
Moldova;2020-04-30;0.0
Moldova;2020-05-31;0.0
Moldova;2020-06-30;0.0
Moldova;2020-07-31;0.0
Moldova;2020-08-31;0.0
Moldova;2020-09-30;0.0
Moldova;2020-10-31;0.0
Moldova;2020-11-30;0.0
Moldova;2020-12-31;0.0
Moldova;2021-01-31;0.0
Moldova;2021-02-28;0.0
Moldova;2021-03-31;0.0
Moldova;2021-04-30;0.4238263960279259
Moldova;2021-05-16;0.0
Monaco;2020-03-31;0.0
Monaco;2020-04-30;0.0
Monaco;2020-05-31;0.0
Monaco;2020-06-30;0.0
Monaco;2020-07-31;0.0
Monaco;2020-08-31;0.0
Monaco;2020-09-30;0.0
Monaco;2020-10-31;0.0
Monaco;2020-11-30;0.0
Monaco;2020-12-31;0.0
Monaco;2021-01-31;0.0
Monaco;2021-02-28;0.0
Monaco;2021-03-31;0.0
Monaco;2021-04-30;0.0
Monaco;2021-05-16;0.0
Mongolia;2020-03-31;0.0
Mongolia;2020-04-30;0.0
Mongolia;2020-05-31;0.0
Mongolia;2020-06-30;0.0
Mongolia;2020-07-31;0.0
Mongolia;2020-08-31;0.0
Mongolia;2020-09-30;0.0
Mongolia;2020-10-31;0.0
Mongolia;2020-11-30;0.0
Mongolia;2020-12-31;0.0
Mongolia;2021-01-31;0.0
Mongolia;2021-02-28;0.0
Mongolia;2021-03-31;0.0
Mongolia;2021-04-30;11.070581876172104
Mongolia;2021-05-16;19.634950150871248
Montenegro;2020-03-31;0.0
Montenegro;2020-04-30;0.0
Montenegro;2020-05-31;0.0
Montenegro;2020-06-30;0.0
Montenegro;2020-07-31;0.0
Montenegro;2020-08-31;0.0
Montenegro;2020-09-30;0.0
Montenegro;2020-10-31;0.0
Montenegro;2020-11-30;0.0
Montenegro;2020-12-31;0.0
Montenegro;2021-01-31;0.0
Montenegro;2021-02-28;0.0
Montenegro;2021-03-31;0.5211268951154504
Montenegro;2021-04-30;3.4373994924068008
Montenegro;2021-05-16;5.378449898258452
Montserrat;2021-02-28;0.0
Montserrat;2021-03-31;5.521104220844169
Montserrat;2021-04-21;12.32246449289858
Morocco;2020-02-29;0.0
Morocco;2020-03-31;0.0
Morocco;2020-04-30;0.0
Morocco;2020-05-31;0.0
Morocco;2020-06-30;0.0
Morocco;2020-07-31;0.0
Morocco;2020-08-31;0.0
Morocco;2020-09-30;0.0
Morocco;2020-10-31;0.0
Morocco;2020-11-30;0.0
Morocco;2020-12-31;0.0
Morocco;2021-01-31;0.0
Morocco;2021-02-28;0.0
Morocco;2021-03-31;9.954471563393867
Morocco;2021-04-30;11.542529376012142
Morocco;2021-05-16;0.0
Mozambique;2020-03-31;0.0
Mozambique;2020-04-30;0.0
Mozambique;2020-05-31;0.0
Mozambique;2020-06-30;0.0
Mozambique;2020-07-31;0.0
Mozambique;2020-08-31;0.0
Mozambique;2020-09-30;0.0
Mozambique;2020-10-31;0.0
Mozambique;2020-11-30;0.0
Mozambique;2020-12-31;0.0
Mozambique;2021-01-31;0.0
Mozambique;2021-02-28;0.0
Mozambique;2021-03-31;0.0
Mozambique;2021-04-30;0.0
Mozambique;2021-05-16;0.0
Myanmar;2020-03-31;0.0
Myanmar;2020-04-30;0.0
Myanmar;2020-05-31;0.0
Myanmar;2020-06-30;0.0
Myanmar;2020-07-31;0.0
Myanmar;2020-08-31;0.0
Myanmar;2020-09-30;0.0
Myanmar;2020-10-31;0.0
Myanmar;2020-11-30;0.0
Myanmar;2020-12-31;0.0
Myanmar;2021-01-31;0.0
Myanmar;2021-02-28;0.0
Myanmar;2021-03-31;0.07351617615019826
Myanmar;2021-04-30;0.0
Myanmar;2021-05-16;0.0
Namibia;2020-03-31;0.0
Namibia;2020-04-30;0.0
Namibia;2020-05-31;0.0
Namibia;2020-06-30;0.0
Namibia;2020-07-31;0.0
Namibia;2020-08-31;0.0
Namibia;2020-09-30;0.0
Namibia;2020-10-31;0.0
Namibia;2020-11-30;0.0
Namibia;2020-12-31;0.0
Namibia;2021-01-31;0.0
Namibia;2021-02-28;0.0
Namibia;2021-03-31;0.0
Namibia;2021-04-30;0.05478339307556803
Namibia;2021-05-16;0.0
Nauru;2021-04-30;0.0
Nepal;2020-01-31;0.0
Nepal;2020-02-29;0.0
Nepal;2020-03-31;0.0
Nepal;2020-04-30;0.0
Nepal;2020-05-31;0.0
Nepal;2020-06-30;0.0
Nepal;2020-07-31;0.0
Nepal;2020-08-31;0.0
Nepal;2020-09-30;0.0
Nepal;2020-10-31;0.0
Nepal;2020-11-30;0.0
Nepal;2020-12-31;0.0
Nepal;2021-01-31;0.0
Nepal;2021-02-28;0.0
Nepal;2021-03-31;0.0
Nepal;2021-04-30;0.0
Nepal;2021-05-16;0.0
Netherlands;2020-02-29;0.0
Netherlands;2020-03-31;0.0
Netherlands;2020-04-30;0.0
Netherlands;2020-05-31;0.0
Netherlands;2020-06-30;0.0
Netherlands;2020-07-31;0.0
Netherlands;2020-08-31;0.0
Netherlands;2020-09-30;0.0
Netherlands;2020-10-31;0.0
Netherlands;2020-11-30;0.0
Netherlands;2020-12-31;0.0
Netherlands;2021-01-31;0.01402986762726517
Netherlands;2021-02-28;1.6057428613564864
Netherlands;2021-03-31;0.0
Netherlands;2021-04-30;0.0
Netherlands;2021-05-16;10.002169260314915
New Caledonia;2021-02-28;0.0
New Caledonia;2021-03-31;0.0
New Caledonia;2021-04-30;0.0
New Caledonia;2021-05-11;11.082310825910449
New Zealand;2020-02-29;0.0
New Zealand;2020-03-31;0.0
New Zealand;2020-04-30;0.0
New Zealand;2020-05-31;0.0
New Zealand;2020-06-30;0.0
New Zealand;2020-07-31;0.0
New Zealand;2020-08-31;0.0
New Zealand;2020-09-30;0.0
New Zealand;2020-10-31;0.0
New Zealand;2020-11-30;0.0
New Zealand;2020-12-31;0.0
New Zealand;2021-01-31;0.0
New Zealand;2021-02-28;0.0
New Zealand;2021-03-31;0.3213034293448699
New Zealand;2021-04-30;1.5293122501546483
New Zealand;2021-05-16;0.0
Nicaragua;2020-03-31;0.0
Nicaragua;2020-04-30;0.0
Nicaragua;2020-05-31;0.0
Nicaragua;2020-06-30;0.0
Nicaragua;2020-07-31;0.0
Nicaragua;2020-08-31;0.0
Nicaragua;2020-09-30;0.0
Nicaragua;2020-10-31;0.0
Nicaragua;2020-11-30;0.0
Nicaragua;2020-12-31;0.0
Nicaragua;2021-01-31;0.0
Nicaragua;2021-02-28;0.0
Nicaragua;2021-03-31;0.0
Nicaragua;2021-04-30;0.0
Nicaragua;2021-05-16;0.0
Niger;2020-03-31;0.0
Niger;2020-04-30;0.0
Niger;2020-05-31;0.0
Niger;2020-06-30;0.0
Niger;2020-07-31;0.0
Niger;2020-08-31;0.0
Niger;2020-09-30;0.0
Niger;2020-10-31;0.0
Niger;2020-11-30;0.0
Niger;2020-12-31;0.0
Niger;2021-01-31;0.0
Niger;2021-02-28;0.0
Niger;2021-03-31;0.0
Niger;2021-04-30;0.0
Niger;2021-05-16;0.0
Nigeria;2020-02-29;0.0
Nigeria;2020-03-31;0.0
Nigeria;2020-04-30;0.0
Nigeria;2020-05-31;0.0
Nigeria;2020-06-30;0.0
Nigeria;2020-07-31;0.0
Nigeria;2020-08-31;0.0
Nigeria;2020-09-30;0.0
Nigeria;2020-10-31;0.0
Nigeria;2020-11-30;0.0
Nigeria;2020-12-31;0.0
Nigeria;2021-01-31;0.0
Nigeria;2021-02-28;0.0
Nigeria;2021-03-31;0.0
Nigeria;2021-04-30;0.0
Nigeria;2021-05-16;0.0
North America;2020-01-31;0.0
North America;2020-02-29;0.0
North America;2020-03-31;0.0
North America;2020-04-30;0.0
North America;2020-05-31;0.0
North America;2020-06-30;0.0
North America;2020-07-31;0.0
North America;2020-08-31;0.0
North America;2020-09-30;0.0
North America;2020-10-31;0.0
North America;2020-11-30;0.0
North America;2020-12-31;0.0
North America;2021-01-31;0.9818557535256291
North America;2021-02-28;4.380386180061242
North America;2021-03-31;9.562535045134462
North America;2021-04-30;18.81782749591805
North America;2021-05-16;23.20615054578715
North Macedonia;2020-02-29;0.0
North Macedonia;2020-03-31;0.0
North Macedonia;2020-04-30;0.0
North Macedonia;2020-05-31;0.0
North Macedonia;2020-06-30;0.0
North Macedonia;2020-07-31;0.0
North Macedonia;2020-08-31;0.0
North Macedonia;2020-09-30;0.0
North Macedonia;2020-10-31;0.0
North Macedonia;2020-11-30;0.0
North Macedonia;2020-12-31;0.0
North Macedonia;2021-01-31;0.0
North Macedonia;2021-02-28;0.0
North Macedonia;2021-03-31;0.0
North Macedonia;2021-04-30;0.0
North Macedonia;2021-05-16;0.0
Northern Cyprus;2021-01-31;
Northern Cyprus;2021-02-28;
Northern Cyprus;2021-03-31;
Northern Cyprus;2021-04-30;
Northern Cyprus;2021-05-14;inf
Norway;2020-02-29;0.0
Norway;2020-03-31;0.0
Norway;2020-04-30;0.0
Norway;2020-05-31;0.0
Norway;2020-06-30;0.0
Norway;2020-07-31;0.0
Norway;2020-08-31;0.0
Norway;2020-09-30;0.0
Norway;2020-10-31;0.0
Norway;2020-11-30;0.0
Norway;2020-12-31;0.0
Norway;2021-01-31;0.39007666508892247
Norway;2021-02-28;3.1103020304203355
Norway;2021-03-31;5.374487986332284
Norway;2021-04-30;6.94829708764154
Norway;2021-05-16;0.0
Oceania;2020-01-31;0.0
Oceania;2020-02-29;0.0
Oceania;2020-03-31;0.0
Oceania;2020-04-30;0.0
Oceania;2020-05-31;0.0
Oceania;2020-06-30;0.0
Oceania;2020-07-31;0.0
Oceania;2020-08-31;0.0
Oceania;2020-09-30;0.0
Oceania;2020-10-31;0.0
Oceania;2020-11-30;0.0
Oceania;2020-12-31;0.0
Oceania;2021-01-31;0.0
Oceania;2021-02-28;0.007357453612485121
Oceania;2021-03-31;0.07181015314071067
Oceania;2021-04-30;0.2975480770346013
Oceania;2021-05-16;0.4441183941752961
Oman;2020-02-29;0.0
Oman;2020-03-31;0.0
Oman;2020-04-30;0.0
Oman;2020-05-31;0.0
Oman;2020-06-30;0.0
Oman;2020-07-31;0.0
Oman;2020-08-31;0.0
Oman;2020-09-30;0.0
Oman;2020-10-31;0.0
Oman;2020-11-30;0.0
Oman;2020-12-31;0.0
Oman;2021-01-31;0.0
Oman;2021-02-28;0.0
Oman;2021-03-31;0.37243798346539064
Oman;2021-04-30;0.0
Oman;2021-05-16;0.0
Pakistan;2020-02-29;0.0
Pakistan;2020-03-31;0.0
Pakistan;2020-04-30;0.0
Pakistan;2020-05-31;0.0
Pakistan;2020-06-30;0.0
Pakistan;2020-07-31;0.0
Pakistan;2020-08-31;0.0
Pakistan;2020-09-30;0.0
Pakistan;2020-10-31;0.0
Pakistan;2020-11-30;0.0
Pakistan;2020-12-31;0.0
Pakistan;2021-01-31;0.0
Pakistan;2021-02-28;0.0
Pakistan;2021-03-31;0.0
Pakistan;2021-04-30;0.0
Pakistan;2021-05-16;0.0
Palestine;2020-03-31;0.0
Palestine;2020-04-30;0.0
Palestine;2020-05-31;0.0
Palestine;2020-06-30;0.0
Palestine;2020-07-31;0.0
Palestine;2020-08-31;0.0
Palestine;2020-09-30;0.0
Palestine;2020-10-31;0.0
Palestine;2020-11-30;0.0
Palestine;2020-12-31;0.0
Palestine;2021-01-31;0.0
Palestine;2021-02-28;0.0
Palestine;2021-03-31;0.1702860539113062
Palestine;2021-04-30;0.0
Palestine;2021-05-16;0.0
Panama;2020-03-31;0.0
Panama;2020-04-30;0.0
Panama;2020-05-31;0.0
Panama;2020-06-30;0.0
Panama;2020-07-31;0.0
Panama;2020-08-31;0.0
Panama;2020-09-30;0.0
Panama;2020-10-31;0.0
Panama;2020-11-30;0.0
Panama;2020-12-31;0.0
Panama;2021-01-31;0.0
Panama;2021-02-28;0.1357199274677109
Panama;2021-03-31;0.0
Panama;2021-04-30;4.421581878793947
Panama;2021-05-16;6.449918048896255
Papua New Guinea;2020-03-31;0.0
Papua New Guinea;2020-04-30;0.0
Papua New Guinea;2020-05-31;0.0
Papua New Guinea;2020-06-30;0.0
Papua New Guinea;2020-07-31;0.0
Papua New Guinea;2020-08-31;0.0
Papua New Guinea;2020-09-30;0.0
Papua New Guinea;2020-10-31;0.0
Papua New Guinea;2020-11-30;0.0
Papua New Guinea;2020-12-31;0.0
Papua New Guinea;2021-01-31;0.0
Papua New Guinea;2021-02-28;0.0
Papua New Guinea;2021-03-31;0.0
Papua New Guinea;2021-04-30;0.0
Papua New Guinea;2021-05-16;0.0
Paraguay;2020-03-31;0.0
Paraguay;2020-04-30;0.0
Paraguay;2020-05-31;0.0
Paraguay;2020-06-30;0.0
Paraguay;2020-07-31;0.0
Paraguay;2020-08-31;0.0
Paraguay;2020-09-30;0.0
Paraguay;2020-10-31;0.0
Paraguay;2020-11-30;0.0
Paraguay;2020-12-31;0.0
Paraguay;2021-01-31;0.0
Paraguay;2021-02-28;0.0
Paraguay;2021-03-31;0.02544679097038498
Paraguay;2021-04-30;0.17348682725484504
Paraguay;2021-05-16;0.0
Peru;2020-01-31;0.0
Peru;2020-02-29;0.0
Peru;2020-03-31;0.0
Peru;2020-04-30;0.0
Peru;2020-05-31;0.0
Peru;2020-06-30;0.0
Peru;2020-07-31;0.0
Peru;2020-08-31;0.0
Peru;2020-09-30;0.0
Peru;2020-10-31;0.0
Peru;2020-11-30;0.0
Peru;2020-12-31;0.0
Peru;2021-01-31;0.0
Peru;2021-02-28;0.0
Peru;2021-03-31;1.1102896695562632
Peru;2021-04-30;2.012425995196023
Peru;2021-05-16;0.0
Philippines;2020-01-31;0.0
Philippines;2020-02-29;0.0
Philippines;2020-03-31;0.0
Philippines;2020-04-30;0.0
Philippines;2020-05-31;0.0
Philippines;2020-06-30;0.0
Philippines;2020-07-31;0.0
Philippines;2020-08-31;0.0
Philippines;2020-09-30;0.0
Philippines;2020-10-31;0.0
Philippines;2020-11-30;0.0
Philippines;2020-12-31;0.0
Philippines;2021-01-31;0.0
Philippines;2021-02-28;0.0
Philippines;2021-03-31;0.0
Philippines;2021-04-30;0.25555961596839455
Philippines;2021-05-16;0.0
Poland;2020-03-31;0.0
Poland;2020-04-30;0.0
Poland;2020-05-31;0.0
Poland;2020-06-30;0.0
Poland;2020-07-31;0.0
Poland;2020-08-31;0.0
Poland;2020-09-30;0.0
Poland;2020-10-31;0.0
Poland;2020-11-30;0.0
Poland;2020-12-31;0.0
Poland;2021-01-31;0.5298678705791444
Poland;2021-02-28;3.135676238331021
Poland;2021-03-31;5.389289211013775
Poland;2021-04-30;0.0
Poland;2021-05-16;0.0
Portugal;2020-02-23;0.0
Portugal;2020-03-31;0.0
Portugal;2020-04-30;0.0
Portugal;2020-05-31;0.0
Portugal;2020-06-30;0.0
Portugal;2020-07-31;0.0
Portugal;2020-08-31;0.0
Portugal;2020-09-30;0.0
Portugal;2020-10-31;0.0
Portugal;2020-11-30;0.0
Portugal;2020-12-31;0.0
Portugal;2021-01-31;0.6706576937044479
Portugal;2021-02-28;2.708482258046642
Portugal;2021-03-31;4.943478320991277
Portugal;2021-04-30;8.676477611840763
Portugal;2021-05-16;13.44598800377416
Qatar;2020-03-31;0.0
Qatar;2020-04-30;0.0
Qatar;2020-05-31;0.0
Qatar;2020-06-30;0.0
Qatar;2020-07-31;0.0
Qatar;2020-08-31;0.0
Qatar;2020-09-30;0.0
Qatar;2020-10-31;0.0
Qatar;2020-11-30;0.0
Qatar;2020-12-31;0.0
Qatar;2021-01-31;0.0
Qatar;2021-02-28;0.0
Qatar;2021-03-31;0.0
Qatar;2021-04-30;19.665539766613676
Qatar;2021-05-16;29.32167327303145
Romania;2020-02-29;0.0
Romania;2020-03-31;0.0
Romania;2020-04-30;0.0
Romania;2020-05-31;0.0
Romania;2020-06-30;0.0
Romania;2020-07-31;0.0
Romania;2020-08-31;0.0
Romania;2020-09-30;0.0
Romania;2020-10-31;0.0
Romania;2020-11-30;0.0
Romania;2020-12-31;0.0
Romania;2021-01-31;0.5520207684065056
Romania;2021-02-28;3.207824102716741
Romania;2021-03-31;5.577517083399133
Romania;2021-04-30;10.068952174175662
Romania;2021-05-16;0.0
Russia;2020-02-29;0.0
Russia;2020-03-31;0.0
Russia;2020-04-30;0.0
Russia;2020-05-31;0.0
Russia;2020-06-30;0.0
Russia;2020-07-31;0.0
Russia;2020-08-31;0.0
Russia;2020-09-30;0.0
Russia;2020-10-31;0.0
Russia;2020-11-30;0.0
Russia;2020-12-31;0.0
Russia;2021-01-31;0.0
Russia;2021-02-28;0.0
Russia;2021-03-31;2.99397140332722
Russia;2021-04-30;5.1630176998633495
Russia;2021-05-16;6.6172979294952
Rwanda;2020-03-31;0.0
Rwanda;2020-04-30;0.0
Rwanda;2020-05-31;0.0
Rwanda;2020-06-30;0.0
Rwanda;2020-07-31;0.0
Rwanda;2020-08-31;0.0
Rwanda;2020-09-30;0.0
Rwanda;2020-10-31;0.0
Rwanda;2020-11-30;0.0
Rwanda;2020-12-31;0.0
Rwanda;2021-01-31;0.0
Rwanda;2021-02-28;0.0
Rwanda;2021-03-31;0.0
Rwanda;2021-04-30;0.0
Rwanda;2021-05-16;0.0
Saint Helena;2021-02-28;0.0
Saint Helena;2021-03-31;0.0
Saint Helena;2021-04-24;58.112337341459394
Saint Kitts and Nevis;2020-03-31;0.0
Saint Kitts and Nevis;2020-04-30;0.0
Saint Kitts and Nevis;2020-05-31;0.0
Saint Kitts and Nevis;2020-06-30;0.0
Saint Kitts and Nevis;2020-07-31;0.0
Saint Kitts and Nevis;2020-08-31;0.0
Saint Kitts and Nevis;2020-09-30;0.0
Saint Kitts and Nevis;2020-10-31;0.0
Saint Kitts and Nevis;2020-11-30;0.0
Saint Kitts and Nevis;2020-12-31;0.0
Saint Kitts and Nevis;2021-01-31;0.0
Saint Kitts and Nevis;2021-02-28;0.0
Saint Kitts and Nevis;2021-03-31;0.0
Saint Kitts and Nevis;2021-04-30;0.0
Saint Kitts and Nevis;2021-05-16;0.0
Saint Lucia;2020-03-31;0.0
Saint Lucia;2020-04-30;0.0
Saint Lucia;2020-05-31;0.0
Saint Lucia;2020-06-30;0.0
Saint Lucia;2020-07-31;0.0
Saint Lucia;2020-08-31;0.0
Saint Lucia;2020-09-30;0.0
Saint Lucia;2020-10-31;0.0
Saint Lucia;2020-11-30;0.0
Saint Lucia;2020-12-31;0.0
Saint Lucia;2021-01-31;0.0
Saint Lucia;2021-02-28;0.0
Saint Lucia;2021-03-31;0.0
Saint Lucia;2021-04-30;0.0
Saint Lucia;2021-05-16;0.0
Saint Vincent and the Grenadines;2020-03-31;0.0
Saint Vincent and the Grenadines;2020-04-30;0.0
Saint Vincent and the Grenadines;2020-05-31;0.0
Saint Vincent and the Grenadines;2020-06-30;0.0
Saint Vincent and the Grenadines;2020-07-31;0.0
Saint Vincent and the Grenadines;2020-08-31;0.0
Saint Vincent and the Grenadines;2020-09-30;0.0
Saint Vincent and the Grenadines;2020-10-31;0.0
Saint Vincent and the Grenadines;2020-11-30;0.0
Saint Vincent and the Grenadines;2020-12-31;0.0
Saint Vincent and the Grenadines;2021-01-31;0.0
Saint Vincent and the Grenadines;2021-02-28;0.0
Saint Vincent and the Grenadines;2021-03-31;0.0
Saint Vincent and the Grenadines;2021-04-30;0.0
Saint Vincent and the Grenadines;2021-05-16;0.0
Samoa;2020-11-30;0.0
Samoa;2020-12-31;0.0
Samoa;2021-01-31;0.0
Samoa;2021-02-28;0.0
Samoa;2021-03-31;0.0
Samoa;2021-04-30;0.0
Samoa;2021-05-16;0.0
San Marino;2020-02-29;0.0
San Marino;2020-03-31;0.0
San Marino;2020-04-30;0.0
San Marino;2020-05-31;0.0
San Marino;2020-06-30;0.0
San Marino;2020-07-31;0.0
San Marino;2020-08-31;0.0
San Marino;2020-09-30;0.0
San Marino;2020-10-31;0.0
San Marino;2020-11-30;0.0
San Marino;2020-12-31;0.0
San Marino;2021-01-31;0.0
San Marino;2021-02-28;0.0
San Marino;2021-03-31;10.380694207083504
San Marino;2021-04-30;0.0
San Marino;2021-05-16;0.0
Sao Tome and Principe;2020-04-30;0.0
Sao Tome and Principe;2020-05-31;0.0
Sao Tome and Principe;2020-06-30;0.0
Sao Tome and Principe;2020-07-31;0.0
Sao Tome and Principe;2020-08-31;0.0
Sao Tome and Principe;2020-09-30;0.0
Sao Tome and Principe;2020-10-31;0.0
Sao Tome and Principe;2020-11-30;0.0
Sao Tome and Principe;2020-12-31;0.0
Sao Tome and Principe;2021-01-31;0.0
Sao Tome and Principe;2021-02-28;0.0
Sao Tome and Principe;2021-03-31;0.0
Sao Tome and Principe;2021-04-30;0.0
Sao Tome and Principe;2021-05-16;0.0
Saudi Arabia;2020-03-31;0.0
Saudi Arabia;2020-04-30;0.0
Saudi Arabia;2020-05-31;0.0
Saudi Arabia;2020-06-30;0.0
Saudi Arabia;2020-07-31;0.0
Saudi Arabia;2020-08-31;0.0
Saudi Arabia;2020-09-30;0.0
Saudi Arabia;2020-10-31;0.0
Saudi Arabia;2020-11-30;0.0
Saudi Arabia;2020-12-31;0.0
Saudi Arabia;2021-01-31;0.0
Saudi Arabia;2021-02-28;0.0
Saudi Arabia;2021-03-31;0.0
Saudi Arabia;2021-04-30;0.0
Saudi Arabia;2021-05-16;0.0
Senegal;2020-02-29;0.0
Senegal;2020-03-31;0.0
Senegal;2020-04-30;0.0
Senegal;2020-05-31;0.0
Senegal;2020-06-30;0.0
Senegal;2020-07-31;0.0
Senegal;2020-08-31;0.0
Senegal;2020-09-30;0.0
Senegal;2020-10-31;0.0
Senegal;2020-11-30;0.0
Senegal;2020-12-31;0.0
Senegal;2021-01-31;0.0
Senegal;2021-02-28;0.0
Senegal;2021-03-31;0.0
Senegal;2021-04-30;0.0
Senegal;2021-05-16;0.0
Serbia;2020-02-29;0.0
Serbia;2020-03-31;0.0
Serbia;2020-04-30;0.0
Serbia;2020-05-31;0.0
Serbia;2020-06-30;0.0
Serbia;2020-07-31;0.0
Serbia;2020-08-31;0.0
Serbia;2020-09-30;0.0
Serbia;2020-10-31;0.0
Serbia;2020-11-30;0.0
Serbia;2020-12-31;0.0
Serbia;2021-01-31;0.0
Serbia;2021-02-28;7.524311509456255
Serbia;2021-03-31;14.923839710689657
Serbia;2021-04-30;21.8680726967479
Serbia;2021-05-16;25.746186841952117
Seychelles;2020-03-31;0.0
Seychelles;2020-04-30;0.0
Seychelles;2020-05-31;0.0
Seychelles;2020-06-30;0.0
Seychelles;2020-07-31;0.0
Seychelles;2020-08-31;0.0
Seychelles;2020-09-30;0.0
Seychelles;2020-10-31;0.0
Seychelles;2020-11-30;0.0
Seychelles;2020-12-31;0.0
Seychelles;2021-01-31;0.0
Seychelles;2021-02-28;0.0
Seychelles;2021-03-31;0.0
Seychelles;2021-04-30;0.0
Seychelles;2021-05-16;0.0
Sierra Leone;2020-04-30;0.0
Sierra Leone;2020-05-31;0.0
Sierra Leone;2020-06-30;0.0
Sierra Leone;2020-07-31;0.0
Sierra Leone;2020-08-31;0.0
Sierra Leone;2020-09-30;0.0
Sierra Leone;2020-10-31;0.0
Sierra Leone;2020-11-30;0.0
Sierra Leone;2020-12-31;0.0
Sierra Leone;2021-01-31;0.0
Sierra Leone;2021-02-28;0.0
Sierra Leone;2021-03-31;0.0
Sierra Leone;2021-04-30;0.0
Sierra Leone;2021-05-16;0.0
Singapore;2020-01-31;0.0
Singapore;2020-02-29;0.0
Singapore;2020-03-31;0.0
Singapore;2020-04-30;0.0
Singapore;2020-05-31;0.0
Singapore;2020-06-30;0.0
Singapore;2020-07-31;0.0
Singapore;2020-08-31;0.0
Singapore;2020-09-30;0.0
Singapore;2020-10-31;0.0
Singapore;2020-11-30;0.0
Singapore;2020-12-31;0.0
Singapore;2021-01-31;0.0008546507444093449
Singapore;2021-02-28;0.0
Singapore;2021-03-31;0.0
Singapore;2021-04-30;0.0
Sint Maarten (Dutch part);2021-05-07;23.217200690266314
Slovakia;2020-03-31;0.0
Slovakia;2020-04-30;0.0
Slovakia;2020-05-31;0.0
Slovakia;2020-06-30;0.0
Slovakia;2020-07-31;0.0
Slovakia;2020-08-31;0.0
Slovakia;2020-09-30;0.0
Slovakia;2020-10-31;0.0
Slovakia;2020-11-30;0.0
Slovakia;2020-12-31;0.0
Slovakia;2021-01-31;0.17466343495353084
Slovakia;2021-02-28;2.4486216406457344
Slovakia;2021-03-31;4.824527904113877
Slovakia;2021-04-30;9.308374192231984
Slovakia;2021-05-16;12.159201618127778
Slovenia;2020-02-29;0.0
Slovenia;2020-03-31;0.0
Slovenia;2020-04-30;0.0
Slovenia;2020-05-31;0.0
Slovenia;2020-06-30;0.0
Slovenia;2020-07-31;0.0
Slovenia;2020-08-31;0.0
Slovenia;2020-09-30;0.0
Slovenia;2020-10-31;0.0
Slovenia;2020-11-30;0.0
Slovenia;2020-12-31;0.0
Slovenia;2021-01-31;1.2820044138047806
Slovenia;2021-02-28;2.5191781164559495
Slovenia;2021-03-31;5.5165344513432855
Slovenia;2021-04-30;10.026975389286422
Slovenia;2021-05-16;13.903869871645632
Solomon Islands;2020-10-31;0.0
Solomon Islands;2020-11-30;0.0
Solomon Islands;2020-12-31;0.0
Solomon Islands;2021-01-31;0.0
Solomon Islands;2021-02-28;0.0
Solomon Islands;2021-03-31;0.0
Solomon Islands;2021-04-30;0.0
Solomon Islands;2021-05-16;0.0
Somalia;2020-03-31;0.0
Somalia;2020-04-30;0.0
Somalia;2020-05-31;0.0
Somalia;2020-06-30;0.0
Somalia;2020-07-31;0.0
Somalia;2020-08-31;0.0
Somalia;2020-09-30;0.0
Somalia;2020-10-31;0.0
Somalia;2020-11-30;0.0
Somalia;2020-12-31;0.0
Somalia;2021-01-31;0.0
Somalia;2021-02-28;0.0
Somalia;2021-03-31;0.0
Somalia;2021-04-30;0.0
Somalia;2021-05-16;0.0
South Africa;2020-02-29;0.0
South Africa;2020-03-31;0.0
South Africa;2020-04-30;0.0
South Africa;2020-05-31;0.0
South Africa;2020-06-30;0.0
South Africa;2020-07-31;0.0
South Africa;2020-08-31;0.0
South Africa;2020-09-30;0.0
South Africa;2020-10-31;0.0
South Africa;2020-11-30;0.0
South Africa;2020-12-31;0.0
South Africa;2021-01-31;0.0
South Africa;2021-02-28;0.11891512019570824
South Africa;2021-03-31;0.44492299526426904
South Africa;2021-04-30;0.5355977344972549
South Africa;2021-05-16;0.8071886261524238
South America;2020-02-29;0.0
South America;2020-03-31;0.0
South America;2020-04-30;0.0
South America;2020-05-31;0.0
South America;2020-06-30;0.0
South America;2020-07-31;0.0
South America;2020-08-31;0.0
South America;2020-09-30;0.0
South America;2020-10-31;0.0
South America;2020-11-30;0.0
South America;2020-12-31;0.0
South America;2021-01-31;0.022231881021610347
South America;2021-02-28;0.5265995451404408
South America;2021-03-31;2.198316466747503
South America;2021-04-30;5.724528055512111
South America;2021-05-16;7.324123572059092
South Korea;2020-01-31;0.0
South Korea;2020-02-29;0.0
South Korea;2020-03-31;0.0
South Korea;2020-04-30;0.0
South Korea;2020-05-31;0.0
South Korea;2020-06-30;0.0
South Korea;2020-07-31;0.0
South Korea;2020-08-31;0.0
South Korea;2020-09-30;0.0
South Korea;2020-10-31;0.0
South Korea;2020-11-30;0.0
South Korea;2020-12-31;0.0
South Korea;2021-01-31;0.0
South Korea;2021-02-28;0.0
South Korea;2021-03-31;0.0253036994952699
South Korea;2021-04-30;0.44548983743314186
South Korea;2021-05-16;1.8341329917428175
South Sudan;2020-04-30;0.0
South Sudan;2020-05-31;0.0
South Sudan;2020-06-30;0.0
South Sudan;2020-07-31;0.0
South Sudan;2020-08-31;0.0
South Sudan;2020-09-30;0.0
South Sudan;2020-10-31;0.0
South Sudan;2020-11-30;0.0
South Sudan;2020-12-31;0.0
South Sudan;2021-01-31;0.0
South Sudan;2021-02-28;0.0
South Sudan;2021-03-31;0.0
South Sudan;2021-04-30;0.0
South Sudan;2021-05-16;0.0
Spain;2020-02-29;0.0
Spain;2020-03-31;0.0
Spain;2020-04-30;0.0
Spain;2020-05-31;0.0
Spain;2020-06-30;0.0
Spain;2020-07-31;0.0
Spain;2020-08-31;0.0
Spain;2020-09-30;0.0
Spain;2020-10-31;0.0
Spain;2020-11-30;0.0
Spain;2020-12-31;0.0
Spain;2021-01-31;0.765466070070307
Spain;2021-02-28;2.6988639857445174
Spain;2021-03-31;5.819905099334971
Spain;2021-04-30;0.0
Spain;2021-05-16;0.0
Sri Lanka;2020-01-31;0.0
Sri Lanka;2020-02-29;0.0
Sri Lanka;2020-03-31;0.0
Sri Lanka;2020-04-30;0.0
Sri Lanka;2020-05-31;0.0
Sri Lanka;2020-06-30;0.0
Sri Lanka;2020-07-31;0.0
Sri Lanka;2020-08-31;0.0
Sri Lanka;2020-09-30;0.0
Sri Lanka;2020-10-31;0.0
Sri Lanka;2020-11-30;0.0
Sri Lanka;2020-12-31;0.0
Sri Lanka;2021-01-31;0.0
Sri Lanka;2021-02-28;0.0
Sri Lanka;2021-03-31;0.0
Sri Lanka;2021-04-30;0.1184033250440732
Sri Lanka;2021-05-16;1.2510945325908023
Sudan;2020-03-31;0.0
Sudan;2020-04-30;0.0
Sudan;2020-05-31;0.0
Sudan;2020-06-30;0.0
Sudan;2020-07-31;0.0
Sudan;2020-08-31;0.0
Sudan;2020-09-30;0.0
Sudan;2020-10-31;0.0
Sudan;2020-11-30;0.0
Sudan;2020-12-31;0.0
Sudan;2021-01-31;0.0
Sudan;2021-02-28;0.0
Sudan;2021-03-31;0.0
Sudan;2021-04-30;0.0
Sudan;2021-05-16;0.0
Suriname;2020-03-31;0.0
Suriname;2020-04-30;0.0
Suriname;2020-05-31;0.0
Suriname;2020-06-30;0.0
Suriname;2020-07-31;0.0
Suriname;2020-08-31;0.0
Suriname;2020-09-30;0.0
Suriname;2020-10-31;0.0
Suriname;2020-11-30;0.0
Suriname;2020-12-31;0.0
Suriname;2021-01-31;0.0
Suriname;2021-02-28;0.0
Suriname;2021-03-31;0.0
Suriname;2021-04-30;0.0
Suriname;2021-05-16;0.0
Sweden;2020-02-29;0.0
Sweden;2020-03-31;0.0
Sweden;2020-04-30;0.0
Sweden;2020-05-31;0.0
Sweden;2020-06-30;0.0
Sweden;2020-07-31;0.0
Sweden;2020-08-31;0.0
Sweden;2020-09-30;0.0
Sweden;2020-10-31;0.0
Sweden;2020-11-30;0.0
Sweden;2020-12-31;0.0
Sweden;2021-01-31;0.3526294474749165
Sweden;2021-02-28;2.9115470722141303
Sweden;2021-03-31;0.0
Sweden;2021-04-30;0.0
Sweden;2021-05-16;0.0
Switzerland;2020-02-29;0.0
Switzerland;2020-03-31;0.0
Switzerland;2020-04-30;0.0
Switzerland;2020-05-31;0.0
Switzerland;2020-06-30;0.0
Switzerland;2020-07-31;0.0
Switzerland;2020-08-31;0.0
Switzerland;2020-09-30;0.0
Switzerland;2020-10-31;0.0
Switzerland;2020-11-30;0.0
Switzerland;2020-12-31;0.0
Switzerland;2021-01-31;0.0
Switzerland;2021-02-28;3.0234263372456183
Switzerland;2021-03-31;6.630806813194991
Switzerland;2021-04-30;10.88854528299227
Switzerland;2021-05-16;0.0
Syria;2020-03-31;0.0
Syria;2020-04-30;0.0
Syria;2020-05-31;0.0
Syria;2020-06-30;0.0
Syria;2020-07-31;0.0
Syria;2020-08-31;0.0
Syria;2020-09-30;0.0
Syria;2020-10-31;0.0
Syria;2020-11-30;0.0
Syria;2020-12-31;0.0
Syria;2021-01-31;0.0
Syria;2021-02-28;0.0
Syria;2021-03-31;0.0
Syria;2021-04-30;0.0
Syria;2021-05-16;0.0
Taiwan;2020-01-31;0.0
Taiwan;2020-02-29;0.0
Taiwan;2020-03-31;0.0
Taiwan;2020-04-30;0.0
Taiwan;2020-05-31;0.0
Taiwan;2020-06-30;0.0
Taiwan;2020-07-31;0.0
Taiwan;2020-08-31;0.0
Taiwan;2020-09-30;0.0
Taiwan;2020-10-31;0.0
Taiwan;2020-11-30;0.0
Taiwan;2020-12-31;0.0
Taiwan;2021-01-31;0.0
Taiwan;2021-02-28;0.0
Taiwan;2021-03-31;0.0
Taiwan;2021-04-30;0.0
Taiwan;2021-05-16;0.0
Tajikistan;2020-05-31;0.0
Tajikistan;2020-06-30;0.0
Tajikistan;2020-07-31;0.0
Tajikistan;2020-08-31;0.0
Tajikistan;2020-09-30;0.0
Tajikistan;2020-10-31;0.0
Tajikistan;2020-11-30;0.0
Tajikistan;2020-12-31;0.0
Tajikistan;2021-01-31;0.0
Tajikistan;2021-02-28;0.0
Tajikistan;2021-03-31;0.0
Tajikistan;2021-04-30;0.0
Tajikistan;2021-05-16;0.0
Tanzania;2020-03-31;0.0
Tanzania;2020-04-30;0.0
Tanzania;2020-05-31;0.0
Tanzania;2020-06-30;0.0
Tanzania;2020-07-31;0.0
Tanzania;2020-08-31;0.0
Tanzania;2020-09-30;0.0
Tanzania;2020-10-31;0.0
Tanzania;2020-11-30;0.0
Tanzania;2020-12-31;0.0
Tanzania;2021-01-31;0.0
Tanzania;2021-02-28;0.0
Tanzania;2021-03-31;0.0
Tanzania;2021-04-30;0.0
Tanzania;2021-05-16;0.0
Thailand;2020-01-31;0.0
Thailand;2020-02-29;0.0
Thailand;2020-03-31;0.0
Thailand;2020-04-30;0.0
Thailand;2020-05-31;0.0
Thailand;2020-06-30;0.0
Thailand;2020-07-31;0.0
Thailand;2020-08-31;0.0
Thailand;2020-09-30;0.0
Thailand;2020-10-31;0.0
Thailand;2020-11-30;0.0
Thailand;2020-12-31;0.0
Thailand;2021-01-31;0.0
Thailand;2021-02-28;0.0
Thailand;2021-03-31;0.0
Thailand;2021-04-30;0.5470603443456673
Thailand;2021-05-16;1.1197797225666748
Timor;2020-03-31;0.0
Timor;2020-04-30;0.0
Timor;2020-05-31;0.0
Timor;2020-06-30;0.0
Timor;2020-07-31;0.0
Timor;2020-08-31;0.0
Timor;2020-09-30;0.0
Timor;2020-10-31;0.0
Timor;2020-11-30;0.0
Timor;2020-12-31;0.0
Timor;2021-01-31;0.0
Timor;2021-02-28;0.0
Timor;2021-03-31;0.0
Timor;2021-04-30;0.0
Timor;2021-05-16;0.0
Togo;2020-03-31;0.0
Togo;2020-04-30;0.0
Togo;2020-05-31;0.0
Togo;2020-06-30;0.0
Togo;2020-07-31;0.0
Togo;2020-08-31;0.0
Togo;2020-09-30;0.0
Togo;2020-10-31;0.0
Togo;2020-11-30;0.0
Togo;2020-12-31;0.0
Togo;2021-01-31;0.0
Togo;2021-02-28;0.0
Togo;2021-03-31;0.0
Togo;2021-04-30;0.0
Togo;2021-05-16;0.0
Tonga;2021-04-30;0.0
Tonga;2021-05-11;0.0
Trinidad and Tobago;2020-03-31;0.0
Trinidad and Tobago;2020-04-30;0.0
Trinidad and Tobago;2020-05-31;0.0
Trinidad and Tobago;2020-06-30;0.0
Trinidad and Tobago;2020-07-31;0.0
Trinidad and Tobago;2020-08-31;0.0
Trinidad and Tobago;2020-09-30;0.0
Trinidad and Tobago;2020-10-31;0.0
Trinidad and Tobago;2020-11-30;0.0
Trinidad and Tobago;2020-12-31;0.0
Trinidad and Tobago;2021-01-31;0.0
Trinidad and Tobago;2021-02-28;0.0
Trinidad and Tobago;2021-03-31;0.0
Trinidad and Tobago;2021-04-30;0.0
Trinidad and Tobago;2021-05-16;0.08424491475829426
Tunisia;2020-03-31;0.0
Tunisia;2020-04-30;0.0
Tunisia;2020-05-31;0.0
Tunisia;2020-06-30;0.0
Tunisia;2020-07-31;0.0
Tunisia;2020-08-31;0.0
Tunisia;2020-09-30;0.0
Tunisia;2020-10-31;0.0
Tunisia;2020-11-30;0.0
Tunisia;2020-12-31;0.0
Tunisia;2021-01-31;0.0
Tunisia;2021-02-28;0.0
Tunisia;2021-03-31;0.0
Tunisia;2021-04-30;0.7611888293538213
Tunisia;2021-05-16;0.0
Turkey;2020-03-31;0.0
Turkey;2020-04-30;0.0
Turkey;2020-05-31;0.0
Turkey;2020-06-30;0.0
Turkey;2020-07-31;0.0
Turkey;2020-08-31;0.0
Turkey;2020-09-30;0.0
Turkey;2020-10-31;0.0
Turkey;2020-11-30;0.0
Turkey;2020-12-31;0.0
Turkey;2021-01-31;0.0
Turkey;2021-02-28;1.9895311386359065
Turkey;2021-03-31;8.110515379545284
Turkey;2021-04-30;10.79527830204714
Turkey;2021-05-16;12.835099302201197
Turkmenistan;2021-04-04;0.1617094611724027
Turks and Caicos Islands;2021-01-31;0.0
Turks and Caicos Islands;2021-02-28;0.0
Turks and Caicos Islands;2021-03-31;0.0
Tuvalu;2021-04-27;0.0
Uganda;2020-03-31;0.0
Uganda;2020-04-30;0.0
Uganda;2020-05-31;0.0
Uganda;2020-06-30;0.0
Uganda;2020-07-31;0.0
Uganda;2020-08-31;0.0
Uganda;2020-09-30;0.0
Uganda;2020-10-31;0.0
Uganda;2020-11-30;0.0
Uganda;2020-12-31;0.0
Uganda;2021-01-31;0.0
Uganda;2021-02-28;0.0
Uganda;2021-03-31;0.0
Uganda;2021-04-30;0.0
Uganda;2021-05-16;0.0
Ukraine;2020-03-31;0.0
Ukraine;2020-04-30;0.0
Ukraine;2020-05-31;0.0
Ukraine;2020-06-30;0.0
Ukraine;2020-07-31;0.0
Ukraine;2020-08-31;0.0
Ukraine;2020-09-30;0.0
Ukraine;2020-10-31;0.0
Ukraine;2020-11-30;0.0
Ukraine;2020-12-31;0.0
Ukraine;2021-01-31;0.0
Ukraine;2021-02-28;0.0
Ukraine;2021-03-31;4.573126220410187e-06
Ukraine;2021-04-30;0.0005945064086533244
Ukraine;2021-05-16;0.04205904184911249
United Arab Emirates;2020-01-31;0.0
United Arab Emirates;2020-02-29;0.0
United Arab Emirates;2020-03-31;0.0
United Arab Emirates;2020-04-30;0.0
United Arab Emirates;2020-05-31;0.0
United Arab Emirates;2020-06-30;0.0
United Arab Emirates;2020-07-31;0.0
United Arab Emirates;2020-08-31;0.0
United Arab Emirates;2020-09-30;0.0
United Arab Emirates;2020-10-31;0.0
United Arab Emirates;2020-11-30;0.0
United Arab Emirates;2020-12-31;0.0
United Arab Emirates;2021-01-31;0.0
United Arab Emirates;2021-02-28;0.0
United Arab Emirates;2021-03-31;0.0
United Arab Emirates;2021-04-30;0.0
United Arab Emirates;2021-05-16;0.0
United Kingdom;2020-02-29;0.0
United Kingdom;2020-03-31;0.0
United Kingdom;2020-04-30;0.0
United Kingdom;2020-05-31;0.0
United Kingdom;2020-06-30;0.0
United Kingdom;2020-07-31;0.0
United Kingdom;2020-08-31;0.0
United Kingdom;2020-09-30;0.0
United Kingdom;2020-10-31;0.0
United Kingdom;2020-11-30;0.0
United Kingdom;2020-12-31;0.0
United Kingdom;2021-01-31;0.7279983662022588
United Kingdom;2021-02-28;1.2017440295940824
United Kingdom;2021-03-31;6.6485839997299
United Kingdom;2021-04-30;22.0329848844837
United Kingdom;2021-05-16;0.0
United States;2020-01-31;0.0
United States;2020-02-29;0.0
United States;2020-03-31;0.0
United States;2020-04-30;0.0
United States;2020-05-31;0.0
United States;2020-06-30;0.0
United States;2020-07-31;0.0
United States;2020-08-31;0.0
United States;2020-09-30;0.0
United States;2020-10-31;0.0
United States;2020-11-30;0.0
United States;2020-12-31;0.0
United States;2021-01-31;1.7090926768328834
United States;2021-02-28;7.4863207967034775
United States;2021-03-31;16.497463538410916
United States;2021-04-30;30.636406965047623
United States;2021-05-16;37.24522631989707
Uruguay;2020-03-31;0.0
Uruguay;2020-04-30;0.0
Uruguay;2020-05-31;0.0
Uruguay;2020-06-30;0.0
Uruguay;2020-07-31;0.0
Uruguay;2020-08-31;0.0
Uruguay;2020-09-30;0.0
Uruguay;2020-10-31;0.0
Uruguay;2020-11-30;0.0
Uruguay;2020-12-31;0.0
Uruguay;2021-01-31;0.0
Uruguay;2021-02-28;0.0
Uruguay;2021-03-31;1.44801246614947
Uruguay;2021-04-30;19.243538712167076
Uruguay;2021-05-16;27.133450613706835
Uzbekistan;2020-03-31;0.0
Uzbekistan;2020-04-30;0.0
Uzbekistan;2020-05-31;0.0
Uzbekistan;2020-06-30;0.0
Uzbekistan;2020-07-31;0.0
Uzbekistan;2020-08-31;0.0
Uzbekistan;2020-09-30;0.0
Uzbekistan;2020-10-31;0.0
Uzbekistan;2020-11-30;0.0
Uzbekistan;2020-12-31;0.0
Uzbekistan;2021-01-31;0.0
Uzbekistan;2021-02-28;0.0
Uzbekistan;2021-03-31;0.0
Uzbekistan;2021-04-30;0.0
Uzbekistan;2021-05-16;0.0
Vanuatu;2020-11-30;0.0
Vanuatu;2020-12-31;0.0
Vanuatu;2021-01-31;0.0
Vanuatu;2021-02-28;0.0
Vanuatu;2021-03-31;0.0
Vanuatu;2021-04-30;0.0
Vanuatu;2021-05-16;0.0
Vatican;2020-03-31;0.0
Vatican;2020-04-30;0.0
Vatican;2020-05-31;0.0
Vatican;2020-06-30;0.0
Vatican;2020-07-31;0.0
Vatican;2020-08-31;0.0
Vatican;2020-09-30;0.0
Vatican;2020-10-31;0.0
Vatican;2020-11-30;0.0
Vatican;2020-12-31;0.0
Vatican;2021-01-31;0.0
Vatican;2021-02-28;0.0
Vatican;2021-03-31;0.0
Vatican;2021-04-30;0.0
Vatican;2021-05-16;0.0
Venezuela;2020-03-31;0.0
Venezuela;2020-04-30;0.0
Venezuela;2020-05-31;0.0
Venezuela;2020-06-30;0.0
Venezuela;2020-07-31;0.0
Venezuela;2020-08-31;0.0
Venezuela;2020-09-30;0.0
Venezuela;2020-10-31;0.0
Venezuela;2020-11-30;0.0
Venezuela;2020-12-31;0.0
Venezuela;2021-01-31;0.0
Venezuela;2021-02-28;0.0
Venezuela;2021-03-31;0.0
Venezuela;2021-04-30;0.0
Venezuela;2021-05-16;0.0
Vietnam;2020-01-31;0.0
Vietnam;2020-02-29;0.0
Vietnam;2020-03-31;0.0
Vietnam;2020-04-30;0.0
Vietnam;2020-05-31;0.0
Vietnam;2020-06-30;0.0
Vietnam;2020-07-31;0.0
Vietnam;2020-08-31;0.0
Vietnam;2020-09-30;0.0
Vietnam;2020-10-31;0.0
Vietnam;2020-11-30;0.0
Vietnam;2020-12-31;0.0
Vietnam;2021-01-31;0.0
Vietnam;2021-02-28;0.0
Vietnam;2021-03-31;0.0
Vietnam;2021-04-30;0.009664204789173887
Vietnam;2021-05-16;0.0
Wallis and Futuna;2021-03-31;0.0
Wallis and Futuna;2021-04-30;0.0
Wallis and Futuna;2021-05-11;13.231371154188157
World;2020-01-31;0.0
World;2020-02-29;0.0
World;2020-03-31;0.0
World;2020-04-30;0.0
World;2020-05-31;0.0
World;2020-06-30;0.0
World;2020-07-31;0.0
World;2020-08-31;0.0
World;2020-09-30;0.0
World;2020-10-31;0.0
World;2020-11-30;0.0
World;2020-12-31;1.3457691936255766e-05
World;2021-01-31;0.1421624263211941
World;2021-02-28;0.6742334706407787
World;2021-03-31;1.6922319560254035
World;2021-04-30;3.4646211966353904
World;2021-05-16;4.556531481417292
Yemen;2020-04-30;0.0
Yemen;2020-05-31;0.0
Yemen;2020-06-30;0.0
Yemen;2020-07-31;0.0
Yemen;2020-08-31;0.0
Yemen;2020-09-30;0.0
Yemen;2020-10-31;0.0
Yemen;2020-11-30;0.0
Yemen;2020-12-31;0.0
Yemen;2021-01-31;0.0
Yemen;2021-02-28;0.0
Yemen;2021-03-31;0.0
Yemen;2021-04-30;0.0
Yemen;2021-05-16;0.0
Zambia;2020-03-31;0.0
Zambia;2020-04-30;0.0
Zambia;2020-05-31;0.0
Zambia;2020-06-30;0.0
Zambia;2020-07-31;0.0
Zambia;2020-08-31;0.0
Zambia;2020-09-30;0.0
Zambia;2020-10-31;0.0
Zambia;2020-11-30;0.0
Zambia;2020-12-31;0.0
Zambia;2021-01-31;0.0
Zambia;2021-02-28;0.0
Zambia;2021-03-31;0.0
Zambia;2021-04-30;0.0
Zambia;2021-05-16;0.0
Zimbabwe;2020-03-31;0.0
Zimbabwe;2020-04-30;0.0
Zimbabwe;2020-05-31;0.0
Zimbabwe;2020-06-30;0.0
Zimbabwe;2020-07-31;0.0
Zimbabwe;2020-08-31;0.0
Zimbabwe;2020-09-30;0.0
Zimbabwe;2020-10-31;0.0
Zimbabwe;2020-11-30;0.0
Zimbabwe;2020-12-31;0.0
Zimbabwe;2021-01-31;0.0
Zimbabwe;2021-02-28;0.0
Zimbabwe;2021-03-31;0.10014851045154162
Zimbabwe;2021-04-30;0.5759767238310463
