country;date;vaccination;isocode
Afghanistan;2020-02-29;0.0;AFG
Afghanistan;2020-03-31;0.0;AFG
Afghanistan;2020-04-30;0.0;AFG
Afghanistan;2020-05-31;0.0;AFG
Afghanistan;2020-06-30;0.0;AFG
Afghanistan;2020-07-31;0.0;AFG
Afghanistan;2020-08-31;0.0;AFG
Afghanistan;2020-09-30;0.0;AFG
Afghanistan;2020-10-31;0.0;AFG
Afghanistan;2020-11-30;0.0;AFG
Afghanistan;2020-12-31;0.0;AFG
Afghanistan;2021-01-31;0.0;AFG
Afghanistan;2021-02-28;0.0;AFG
Afghanistan;2021-03-31;0.0;AFG
Afghanistan;2021-04-30;0.0;AFG
Afghanistan;2021-05-16;0.0;AFG
Africa;2020-02-29;0.0;OWID_AFR
Africa;2020-03-31;0.0;OWID_AFR
Africa;2020-04-30;0.0;OWID_AFR
Africa;2020-05-31;0.0;OWID_AFR
Africa;2020-06-30;0.0;OWID_AFR
Africa;2020-07-31;0.0;OWID_AFR
Africa;2020-08-31;0.0;OWID_AFR
Africa;2020-09-30;0.0;OWID_AFR
Africa;2020-10-31;0.0;OWID_AFR
Africa;2020-11-30;0.0;OWID_AFR
Africa;2020-12-31;0.0;OWID_AFR
Africa;2021-01-31;0.0;OWID_AFR
Africa;2021-02-28;19.094611391564744;OWID_AFR
Africa;2021-03-31;298.0047458861372;OWID_AFR
Africa;2021-04-30;364.438152838128;OWID_AFR
Africa;2021-05-16;446.13213624596534;OWID_AFR
Albania;2020-02-29;0.0;ALB
Albania;2020-03-31;0.0;ALB
Albania;2020-04-30;0.0;ALB
Albania;2020-05-31;0.0;ALB
Albania;2020-06-30;0.0;ALB
Albania;2020-07-31;0.0;ALB
Albania;2020-08-31;0.0;ALB
Albania;2020-09-30;0.0;ALB
Albania;2020-10-31;0.0;ALB
Albania;2020-11-30;0.0;ALB
Albania;2020-12-31;0.0;ALB
Albania;2021-01-31;0.0;ALB
Albania;2021-02-28;0.0;ALB
Albania;2021-03-31;0.0;ALB
Albania;2021-04-30;0.0;ALB
Albania;2021-05-16;0.0;ALB
Algeria;2020-02-29;0.0;DZA
Algeria;2020-03-31;0.0;DZA
Algeria;2020-04-30;0.0;DZA
Algeria;2020-05-31;0.0;DZA
Algeria;2020-06-30;0.0;DZA
Algeria;2020-07-31;0.0;DZA
Algeria;2020-08-31;0.0;DZA
Algeria;2020-09-30;0.0;DZA
Algeria;2020-10-31;0.0;DZA
Algeria;2020-11-30;0.0;DZA
Algeria;2020-12-31;0.0;DZA
Algeria;2021-01-31;0.0;DZA
Algeria;2021-02-28;0.0;DZA
Algeria;2021-03-31;0.0;DZA
Algeria;2021-04-30;0.0;DZA
Algeria;2021-05-16;0.0;DZA
Andorra;2020-03-31;0.0;AND
Andorra;2020-04-30;0.0;AND
Andorra;2020-05-31;0.0;AND
Andorra;2020-06-30;0.0;AND
Andorra;2020-07-31;0.0;AND
Andorra;2020-08-31;0.0;AND
Andorra;2020-09-30;0.0;AND
Andorra;2020-10-31;0.0;AND
Andorra;2020-11-30;0.0;AND
Andorra;2020-12-31;0.0;AND
Andorra;2021-01-31;0.0;AND
Andorra;2021-02-28;0.0;AND
Andorra;2021-03-31;0.0;AND
Andorra;2021-04-30;0.0;AND
Andorra;2021-05-16;0.0;AND
Angola;2020-03-31;0.0;AGO
Angola;2020-04-30;0.0;AGO
Angola;2020-05-31;0.0;AGO
Angola;2020-06-30;0.0;AGO
Angola;2020-07-31;0.0;AGO
Angola;2020-08-31;0.0;AGO
Angola;2020-09-30;0.0;AGO
Angola;2020-10-31;0.0;AGO
Angola;2020-11-30;0.0;AGO
Angola;2020-12-31;0.0;AGO
Angola;2021-01-31;0.0;AGO
Angola;2021-02-28;0.0;AGO
Angola;2021-03-31;0.0;AGO
Angola;2021-04-30;0.0;AGO
Angola;2021-05-16;0.0;AGO
Anguilla;2021-02-28;0.0;AIA
Anguilla;2021-03-31;0.0;AIA
Anguilla;2021-04-22;5219.304092787628;AIA
Antigua and Barbuda;2020-03-31;0.0;ATG
Antigua and Barbuda;2020-04-30;0.0;ATG
Antigua and Barbuda;2020-05-31;0.0;ATG
Antigua and Barbuda;2020-06-30;0.0;ATG
Antigua and Barbuda;2020-07-31;0.0;ATG
Antigua and Barbuda;2020-08-31;0.0;ATG
Antigua and Barbuda;2020-09-30;0.0;ATG
Antigua and Barbuda;2020-10-31;0.0;ATG
Antigua and Barbuda;2020-11-30;0.0;ATG
Antigua and Barbuda;2020-12-31;0.0;ATG
Antigua and Barbuda;2021-01-31;0.0;ATG
Antigua and Barbuda;2021-02-28;0.0;ATG
Antigua and Barbuda;2021-03-31;0.0;ATG
Antigua and Barbuda;2021-04-30;0.0;ATG
Antigua and Barbuda;2021-05-16;0.0;ATG
Argentina;2020-01-31;0.0;ARG
Argentina;2020-02-29;0.0;ARG
Argentina;2020-03-31;0.0;ARG
Argentina;2020-04-30;0.0;ARG
Argentina;2020-05-31;0.0;ARG
Argentina;2020-06-30;0.0;ARG
Argentina;2020-07-31;0.0;ARG
Argentina;2020-08-31;0.0;ARG
Argentina;2020-09-30;0.0;ARG
Argentina;2020-10-31;0.0;ARG
Argentina;2020-11-30;0.0;ARG
Argentina;2020-12-31;0.0;ARG
Argentina;2021-01-31;0.0;ARG
Argentina;2021-02-28;649.2464992912944;ARG
Argentina;2021-03-31;1498.799323662474;ARG
Argentina;2021-04-30;2076.6608349271214;ARG
Argentina;2021-05-16;4213.269748631603;ARG
Armenia;2020-03-31;0.0;ARM
Armenia;2020-04-30;0.0;ARM
Armenia;2020-05-31;0.0;ARM
Armenia;2020-06-30;0.0;ARM
Armenia;2020-07-31;0.0;ARM
Armenia;2020-08-31;0.0;ARM
Armenia;2020-09-30;0.0;ARM
Armenia;2020-10-31;0.0;ARM
Armenia;2020-11-30;0.0;ARM
Armenia;2020-12-31;0.0;ARM
Armenia;2021-01-31;0.0;ARM
Armenia;2021-02-28;0.0;ARM
Armenia;2021-03-31;0.0;ARM
Armenia;2021-04-30;0.0;ARM
Armenia;2021-05-16;0.0;ARM
Aruba;2021-03-31;0.0;ABW
Aruba;2021-04-30;21129.385759511453;ABW
Aruba;2021-05-15;29148.79268681041;ABW
Asia;2020-01-31;0.0;OWID_ASI
Asia;2020-02-29;0.0;OWID_ASI
Asia;2020-03-31;0.0;OWID_ASI
Asia;2020-04-30;0.0;OWID_ASI
Asia;2020-05-31;0.0;OWID_ASI
Asia;2020-06-30;0.0;OWID_ASI
Asia;2020-07-31;0.0;OWID_ASI
Asia;2020-08-31;0.0;OWID_ASI
Asia;2020-09-30;0.0;OWID_ASI
Asia;2020-10-31;0.0;OWID_ASI
Asia;2020-11-30;0.0;OWID_ASI
Asia;2020-12-31;0.0;OWID_ASI
Asia;2021-01-31;45.994012400095244;OWID_ASI
Asia;2021-02-28;235.29193958355216;OWID_ASI
Asia;2021-03-31;613.732142280519;OWID_ASI
Asia;2021-04-30;1366.089726538799;OWID_ASI
Asia;2021-05-16;1912.513427098306;OWID_ASI
Australia;2020-01-31;0.0;AUS
Australia;2020-02-29;0.0;AUS
Australia;2020-03-31;0.0;AUS
Australia;2020-04-30;0.0;AUS
Australia;2020-05-31;0.0;AUS
Australia;2020-06-30;0.0;AUS
Australia;2020-07-31;0.0;AUS
Australia;2020-08-31;0.0;AUS
Australia;2020-09-30;0.0;AUS
Australia;2020-10-31;0.0;AUS
Australia;2020-11-30;0.0;AUS
Australia;2020-12-31;0.0;AUS
Australia;2021-01-31;0.0;AUS
Australia;2021-02-28;0.0;AUS
Australia;2021-03-31;0.0;AUS
Australia;2021-04-30;0.0;AUS
Australia;2021-05-16;0.0;AUS
Austria;2020-02-29;0.0;AUT
Austria;2020-03-31;0.0;AUT
Austria;2020-04-30;0.0;AUT
Austria;2020-05-31;0.0;AUT
Austria;2020-06-30;0.0;AUT
Austria;2020-07-31;0.0;AUT
Austria;2020-08-31;0.0;AUT
Austria;2020-09-30;0.0;AUT
Austria;2020-10-31;0.0;AUT
Austria;2020-11-30;0.0;AUT
Austria;2020-12-31;0.0;AUT
Austria;2021-01-31;243.6822703855036;AUT
Austria;2021-02-28;2723.1080120802985;AUT
Austria;2021-03-31;5083.862586605081;AUT
Austria;2021-04-30;9449.20278912773;AUT
Austria;2021-05-16;0.0;AUT
Azerbaijan;2020-03-31;0.0;AZE
Azerbaijan;2020-04-30;0.0;AZE
Azerbaijan;2020-05-31;0.0;AZE
Azerbaijan;2020-06-30;0.0;AZE
Azerbaijan;2020-07-31;0.0;AZE
Azerbaijan;2020-08-31;0.0;AZE
Azerbaijan;2020-09-30;0.0;AZE
Azerbaijan;2020-10-31;0.0;AZE
Azerbaijan;2020-11-30;0.0;AZE
Azerbaijan;2020-12-31;0.0;AZE
Azerbaijan;2021-01-31;0.0;AZE
Azerbaijan;2021-02-28;0.0;AZE
Azerbaijan;2021-03-31;0.0;AZE
Azerbaijan;2021-04-30;5149.1960637823095;AZE
Azerbaijan;2021-05-16;7537.2799068957775;AZE
Bahamas;2020-03-31;0.0;BHS
Bahamas;2020-04-30;0.0;BHS
Bahamas;2020-05-31;0.0;BHS
Bahamas;2020-06-30;0.0;BHS
Bahamas;2020-07-31;0.0;BHS
Bahamas;2020-08-31;0.0;BHS
Bahamas;2020-09-30;0.0;BHS
Bahamas;2020-10-31;0.0;BHS
Bahamas;2020-11-30;0.0;BHS
Bahamas;2020-12-31;0.0;BHS
Bahamas;2021-01-31;0.0;BHS
Bahamas;2021-02-28;0.0;BHS
Bahamas;2021-03-31;0.0;BHS
Bahamas;2021-04-30;0.0;BHS
Bahamas;2021-05-16;0.0;BHS
Bahrain;2020-02-29;0.0;BHR
Bahrain;2020-03-31;0.0;BHR
Bahrain;2020-04-30;0.0;BHR
Bahrain;2020-05-31;0.0;BHR
Bahrain;2020-06-30;0.0;BHR
Bahrain;2020-07-31;0.0;BHR
Bahrain;2020-08-31;0.0;BHR
Bahrain;2020-09-30;0.0;BHR
Bahrain;2020-10-31;0.0;BHR
Bahrain;2020-11-30;0.0;BHR
Bahrain;2020-12-31;0.0;BHR
Bahrain;2021-01-31;0.0;BHR
Bahrain;2021-02-28;0.0;BHR
Bahrain;2021-03-31;15011.90362151009;BHR
Bahrain;2021-04-30;31837.823955693024;BHR
Bahrain;2021-05-16;37273.29198751986;BHR
Bangladesh;2020-03-31;0.0;BGD
Bangladesh;2020-04-30;0.0;BGD
Bangladesh;2020-05-31;0.0;BGD
Bangladesh;2020-06-30;0.0;BGD
Bangladesh;2020-07-31;0.0;BGD
Bangladesh;2020-08-31;0.0;BGD
Bangladesh;2020-09-30;0.0;BGD
Bangladesh;2020-10-31;0.0;BGD
Bangladesh;2020-11-30;0.0;BGD
Bangladesh;2020-12-31;0.0;BGD
Bangladesh;2021-01-31;0.0;BGD
Bangladesh;2021-02-28;0.0;BGD
Bangladesh;2021-03-31;0.0;BGD
Bangladesh;2021-04-30;0.0;BGD
Bangladesh;2021-05-16;0.0;BGD
Barbados;2020-03-31;0.0;BRB
Barbados;2020-04-30;0.0;BRB
Barbados;2020-05-31;0.0;BRB
Barbados;2020-06-30;0.0;BRB
Barbados;2020-07-31;0.0;BRB
Barbados;2020-08-31;0.0;BRB
Barbados;2020-09-30;0.0;BRB
Barbados;2020-10-31;0.0;BRB
Barbados;2020-11-30;0.0;BRB
Barbados;2020-12-31;0.0;BRB
Barbados;2021-01-31;0.0;BRB
Barbados;2021-02-28;0.0;BRB
Barbados;2021-03-31;0.0;BRB
Barbados;2021-04-30;0.0;BRB
Barbados;2021-05-16;0.0;BRB
Belarus;2020-02-29;0.0;BLR
Belarus;2020-03-31;0.0;BLR
Belarus;2020-04-30;0.0;BLR
Belarus;2020-05-31;0.0;BLR
Belarus;2020-06-30;0.0;BLR
Belarus;2020-07-31;0.0;BLR
Belarus;2020-08-31;0.0;BLR
Belarus;2020-09-30;0.0;BLR
Belarus;2020-10-31;0.0;BLR
Belarus;2020-11-30;0.0;BLR
Belarus;2020-12-31;0.0;BLR
Belarus;2021-01-31;0.0;BLR
Belarus;2021-02-28;0.0;BLR
Belarus;2021-03-31;0.0;BLR
Belarus;2021-04-30;0.0;BLR
Belarus;2021-05-16;0.0;BLR
Belgium;2020-02-29;0.0;BEL
Belgium;2020-03-31;0.0;BEL
Belgium;2020-04-30;0.0;BEL
Belgium;2020-05-31;0.0;BEL
Belgium;2020-06-30;0.0;BEL
Belgium;2020-07-31;0.0;BEL
Belgium;2020-08-31;0.0;BEL
Belgium;2020-09-30;0.0;BEL
Belgium;2020-10-31;0.0;BEL
Belgium;2020-11-30;0.0;BEL
Belgium;2020-12-31;0.04314206786488871;BEL
Belgium;2021-01-31;221.6121742083603;BEL
Belgium;2021-02-28;2865.582431721638;BEL
Belgium;2021-03-31;4729.207594108381;BEL
Belgium;2021-04-30;7283.019558197615;BEL
Belgium;2021-05-16;0.0;BEL
Belize;2020-03-31;0.0;BLZ
Belize;2020-04-30;0.0;BLZ
Belize;2020-05-31;0.0;BLZ
Belize;2020-06-30;0.0;BLZ
Belize;2020-07-31;0.0;BLZ
Belize;2020-08-31;0.0;BLZ
Belize;2020-09-30;0.0;BLZ
Belize;2020-10-31;0.0;BLZ
Belize;2020-11-30;0.0;BLZ
Belize;2020-12-31;0.0;BLZ
Belize;2021-01-31;0.0;BLZ
Belize;2021-02-28;0.0;BLZ
Belize;2021-03-31;0.0;BLZ
Belize;2021-04-30;0.0;BLZ
Belize;2021-05-16;0.0;BLZ
Benin;2020-03-31;0.0;BEN
Benin;2020-04-30;0.0;BEN
Benin;2020-05-31;0.0;BEN
Benin;2020-06-30;0.0;BEN
Benin;2020-07-31;0.0;BEN
Benin;2020-08-31;0.0;BEN
Benin;2020-09-30;0.0;BEN
Benin;2020-10-31;0.0;BEN
Benin;2020-11-30;0.0;BEN
Benin;2020-12-31;0.0;BEN
Benin;2021-01-31;0.0;BEN
Benin;2021-02-28;0.0;BEN
Benin;2021-03-31;0.0;BEN
Benin;2021-04-30;0.0;BEN
Benin;2021-05-16;0.0;BEN
Bermuda;2021-01-31;0.0;BMU
Bermuda;2021-02-28;0.0;BMU
Bermuda;2021-03-31;0.0;BMU
Bermuda;2021-04-30;0.0;BMU
Bermuda;2021-05-12;46614.1024199894;BMU
Bhutan;2020-03-31;0.0;BTN
Bhutan;2020-04-30;0.0;BTN
Bhutan;2020-05-31;0.0;BTN
Bhutan;2020-06-30;0.0;BTN
Bhutan;2020-07-31;0.0;BTN
Bhutan;2020-08-31;0.0;BTN
Bhutan;2020-09-30;0.0;BTN
Bhutan;2020-10-31;0.0;BTN
Bhutan;2020-11-30;0.0;BTN
Bhutan;2020-12-31;0.0;BTN
Bhutan;2021-01-31;0.0;BTN
Bhutan;2021-02-28;0.0;BTN
Bhutan;2021-03-31;0.0;BTN
Bhutan;2021-04-30;0.0;BTN
Bhutan;2021-05-16;0.0;BTN
Bolivia;2020-03-31;0.0;BOL
Bolivia;2020-04-30;0.0;BOL
Bolivia;2020-05-31;0.0;BOL
Bolivia;2020-06-30;0.0;BOL
Bolivia;2020-07-31;0.0;BOL
Bolivia;2020-08-31;0.0;BOL
Bolivia;2020-09-30;0.0;BOL
Bolivia;2020-10-31;0.0;BOL
Bolivia;2020-11-30;0.0;BOL
Bolivia;2020-12-31;0.0;BOL
Bolivia;2021-01-31;0.0;BOL
Bolivia;2021-02-28;0.0;BOL
Bolivia;2021-03-31;936.3893467582407;BOL
Bolivia;2021-04-30;0.0;BOL
Bolivia;2021-05-16;2437.944769947886;BOL
Bonaire Sint Eustatius and Saba;2021-04-09;6349.872239807787;BES
Bosnia and Herzegovina;2020-03-31;0.0;BIH
Bosnia and Herzegovina;2020-04-30;0.0;BIH
Bosnia and Herzegovina;2020-05-31;0.0;BIH
Bosnia and Herzegovina;2020-06-30;0.0;BIH
Bosnia and Herzegovina;2020-07-31;0.0;BIH
Bosnia and Herzegovina;2020-08-31;0.0;BIH
Bosnia and Herzegovina;2020-09-30;0.0;BIH
Bosnia and Herzegovina;2020-10-31;0.0;BIH
Bosnia and Herzegovina;2020-11-30;0.0;BIH
Bosnia and Herzegovina;2020-12-31;0.0;BIH
Bosnia and Herzegovina;2021-01-31;0.0;BIH
Bosnia and Herzegovina;2021-02-28;0.0;BIH
Bosnia and Herzegovina;2021-03-31;0.0;BIH
Bosnia and Herzegovina;2021-04-30;0.0;BIH
Bosnia and Herzegovina;2021-05-16;0.0;BIH
Botswana;2020-03-31;0.0;BWA
Botswana;2020-04-30;0.0;BWA
Botswana;2020-05-31;0.0;BWA
Botswana;2020-06-30;0.0;BWA
Botswana;2020-07-31;0.0;BWA
Botswana;2020-08-31;0.0;BWA
Botswana;2020-09-30;0.0;BWA
Botswana;2020-10-31;0.0;BWA
Botswana;2020-11-30;0.0;BWA
Botswana;2020-12-31;0.0;BWA
Botswana;2021-01-31;0.0;BWA
Botswana;2021-02-28;0.0;BWA
Botswana;2021-03-31;0.0;BWA
Botswana;2021-04-30;0.0;BWA
Botswana;2021-05-16;0.0;BWA
Brazil;2020-02-29;0.0;BRA
Brazil;2020-03-31;0.0;BRA
Brazil;2020-04-30;0.0;BRA
Brazil;2020-05-31;0.0;BRA
Brazil;2020-06-30;0.0;BRA
Brazil;2020-07-31;0.0;BRA
Brazil;2020-08-31;0.0;BRA
Brazil;2020-09-30;0.0;BRA
Brazil;2020-10-31;0.0;BRA
Brazil;2020-11-30;0.0;BRA
Brazil;2020-12-31;0.0;BRA
Brazil;2021-01-31;0.0;BRA
Brazil;2021-02-28;900.89637010611;BRA
Brazil;2021-03-31;1992.1983317144054;BRA
Brazil;2021-04-30;6374.382608487587;BRA
Brazil;2021-05-16;7983.807952721585;BRA
Brunei;2020-03-31;0.0;BRN
Brunei;2020-04-30;0.0;BRN
Brunei;2020-05-31;0.0;BRN
Brunei;2020-06-30;0.0;BRN
Brunei;2020-07-31;0.0;BRN
Brunei;2020-08-31;0.0;BRN
Brunei;2020-09-30;0.0;BRN
Brunei;2020-10-31;0.0;BRN
Brunei;2020-11-30;0.0;BRN
Brunei;2020-12-31;0.0;BRN
Brunei;2021-01-31;0.0;BRN
Brunei;2021-02-28;0.0;BRN
Brunei;2021-03-31;0.0;BRN
Brunei;2021-04-30;0.0;BRN
Brunei;2021-05-16;0.0;BRN
Bulgaria;2020-03-31;0.0;BGR
Bulgaria;2020-04-30;0.0;BGR
Bulgaria;2020-05-31;0.0;BGR
Bulgaria;2020-06-30;0.0;BGR
Bulgaria;2020-07-31;0.0;BGR
Bulgaria;2020-08-31;0.0;BGR
Bulgaria;2020-09-30;0.0;BGR
Bulgaria;2020-10-31;0.0;BGR
Bulgaria;2020-11-30;0.0;BGR
Bulgaria;2020-12-31;0.0;BGR
Bulgaria;2021-01-31;188.30112348878058;BGR
Bulgaria;2021-02-28;537.9476990895085;BGR
Bulgaria;2021-03-31;1367.2555514219368;BGR
Bulgaria;2021-04-30;3070.5287298093317;BGR
Bulgaria;2021-05-16;5968.659174822568;BGR
Burkina Faso;2020-03-31;0.0;BFA
Burkina Faso;2020-04-30;0.0;BFA
Burkina Faso;2020-05-31;0.0;BFA
Burkina Faso;2020-06-30;0.0;BFA
Burkina Faso;2020-07-31;0.0;BFA
Burkina Faso;2020-08-31;0.0;BFA
Burkina Faso;2020-09-30;0.0;BFA
Burkina Faso;2020-10-31;0.0;BFA
Burkina Faso;2020-11-30;0.0;BFA
Burkina Faso;2020-12-31;0.0;BFA
Burkina Faso;2021-01-31;0.0;BFA
Burkina Faso;2021-02-28;0.0;BFA
Burkina Faso;2021-03-31;0.0;BFA
Burkina Faso;2021-04-30;0.0;BFA
Burkina Faso;2021-05-16;0.0;BFA
Burundi;2020-04-30;0.0;BDI
Burundi;2020-05-31;0.0;BDI
Burundi;2020-06-30;0.0;BDI
Burundi;2020-07-31;0.0;BDI
Burundi;2020-08-31;0.0;BDI
Burundi;2020-09-30;0.0;BDI
Burundi;2020-10-31;0.0;BDI
Burundi;2020-11-30;0.0;BDI
Burundi;2020-12-31;0.0;BDI
Burundi;2021-01-31;0.0;BDI
Burundi;2021-02-28;0.0;BDI
Burundi;2021-03-31;0.0;BDI
Burundi;2021-04-30;0.0;BDI
Burundi;2021-05-16;0.0;BDI
Cambodia;2020-01-31;0.0;KHM
Cambodia;2020-02-29;0.0;KHM
Cambodia;2020-03-31;0.0;KHM
Cambodia;2020-04-30;0.0;KHM
Cambodia;2020-05-31;0.0;KHM
Cambodia;2020-06-30;0.0;KHM
Cambodia;2020-07-31;0.0;KHM
Cambodia;2020-08-31;0.0;KHM
Cambodia;2020-09-30;0.0;KHM
Cambodia;2020-10-31;0.0;KHM
Cambodia;2020-11-30;0.0;KHM
Cambodia;2020-12-31;0.0;KHM
Cambodia;2021-01-31;0.0;KHM
Cambodia;2021-02-28;8.84025697514518;KHM
Cambodia;2021-03-31;1426.6188989741056;KHM
Cambodia;2021-04-30;5653.589566008578;KHM
Cambodia;2021-05-16;7089.156384086077;KHM
Cameroon;2020-03-31;0.0;CMR
Cameroon;2020-04-30;0.0;CMR
Cameroon;2020-05-31;0.0;CMR
Cameroon;2020-06-30;0.0;CMR
Cameroon;2020-07-31;0.0;CMR
Cameroon;2020-08-31;0.0;CMR
Cameroon;2020-09-30;0.0;CMR
Cameroon;2020-10-31;0.0;CMR
Cameroon;2020-11-30;0.0;CMR
Cameroon;2020-12-31;0.0;CMR
Cameroon;2021-01-31;0.0;CMR
Cameroon;2021-02-28;0.0;CMR
Cameroon;2021-03-31;0.0;CMR
Cameroon;2021-04-30;0.0;CMR
Cameroon;2021-05-16;0.0;CMR
Canada;2020-01-31;0.0;CAN
Canada;2020-02-29;0.0;CAN
Canada;2020-03-31;0.0;CAN
Canada;2020-04-30;0.0;CAN
Canada;2020-05-31;0.0;CAN
Canada;2020-06-30;0.0;CAN
Canada;2020-07-31;0.0;CAN
Canada;2020-08-31;0.0;CAN
Canada;2020-09-30;0.0;CAN
Canada;2020-10-31;0.0;CAN
Canada;2020-11-30;0.0;CAN
Canada;2020-12-31;0.0;CAN
Canada;2021-01-31;296.45894377472916;CAN
Canada;2021-02-28;1391.0837157505332;CAN
Canada;2021-03-31;1817.527281230906;CAN
Canada;2021-04-30;2888.319287103808;CAN
Canada;2021-05-16;3738.4270326680057;CAN
Cape Verde;2020-03-31;0.0;CPV
Cape Verde;2020-04-30;0.0;CPV
Cape Verde;2020-05-31;0.0;CPV
Cape Verde;2020-06-30;0.0;CPV
Cape Verde;2020-07-31;0.0;CPV
Cape Verde;2020-08-31;0.0;CPV
Cape Verde;2020-09-30;0.0;CPV
Cape Verde;2020-10-31;0.0;CPV
Cape Verde;2020-11-30;0.0;CPV
Cape Verde;2020-12-31;0.0;CPV
Cape Verde;2021-01-31;0.0;CPV
Cape Verde;2021-02-28;0.0;CPV
Cape Verde;2021-03-31;0.0;CPV
Cape Verde;2021-04-30;0.0;CPV
Cape Verde;2021-05-16;0.0;CPV
Cayman Islands;2020-12-31;0.0;CYM
Cayman Islands;2021-01-31;0.0;CYM
Cayman Islands;2021-02-28;0.0;CYM
Cayman Islands;2021-03-31;29039.86609860012;CYM
Cayman Islands;2021-04-30;45526.4759586123;CYM
Cayman Islands;2021-05-14;51614.42483262325;CYM
Central African Republic;2020-03-31;0.0;CAF
Central African Republic;2020-04-30;0.0;CAF
Central African Republic;2020-05-31;0.0;CAF
Central African Republic;2020-06-30;0.0;CAF
Central African Republic;2020-07-31;0.0;CAF
Central African Republic;2020-08-31;0.0;CAF
Central African Republic;2020-09-30;0.0;CAF
Central African Republic;2020-10-31;0.0;CAF
Central African Republic;2020-11-30;0.0;CAF
Central African Republic;2020-12-31;0.0;CAF
Central African Republic;2021-01-31;0.0;CAF
Central African Republic;2021-02-28;0.0;CAF
Central African Republic;2021-03-31;0.0;CAF
Central African Republic;2021-04-30;0.0;CAF
Central African Republic;2021-05-16;0.0;CAF
Chad;2020-03-31;0.0;TCD
Chad;2020-04-30;0.0;TCD
Chad;2020-05-31;0.0;TCD
Chad;2020-06-30;0.0;TCD
Chad;2020-07-31;0.0;TCD
Chad;2020-08-31;0.0;TCD
Chad;2020-09-30;0.0;TCD
Chad;2020-10-31;0.0;TCD
Chad;2020-11-30;0.0;TCD
Chad;2020-12-31;0.0;TCD
Chad;2021-01-31;0.0;TCD
Chad;2021-02-28;0.0;TCD
Chad;2021-03-31;0.0;TCD
Chad;2021-04-30;0.0;TCD
Chad;2021-05-16;0.0;TCD
Chile;2020-02-29;0.0;CHL
Chile;2020-03-31;0.0;CHL
Chile;2020-04-30;0.0;CHL
Chile;2020-05-31;0.0;CHL
Chile;2020-06-30;0.0;CHL
Chile;2020-07-31;0.0;CHL
Chile;2020-08-31;0.0;CHL
Chile;2020-09-30;0.0;CHL
Chile;2020-10-31;0.0;CHL
Chile;2020-11-30;0.0;CHL
Chile;2020-12-31;0.0;CHL
Chile;2021-01-31;54.43024817316027;CHL
Chile;2021-02-28;294.5092303604757;CHL
Chile;2021-03-31;19257.77752272953;CHL
Chile;2021-04-30;35263.602736295674;CHL
Chile;2021-05-16;0.0;CHL
China;2020-01-31;0.0;CHN
China;2020-02-29;0.0;CHN
China;2020-03-31;0.0;CHN
China;2020-04-30;0.0;CHN
China;2020-05-31;0.0;CHN
China;2020-06-30;0.0;CHN
China;2020-07-31;0.0;CHN
China;2020-08-31;0.0;CHN
China;2020-09-30;0.0;CHN
China;2020-10-31;0.0;CHN
China;2020-11-30;0.0;CHN
China;2020-12-31;0.0;CHN
China;2021-01-31;0.0;CHN
China;2021-02-28;0.0;CHN
China;2021-03-31;0.0;CHN
China;2021-04-30;0.0;CHN
China;2021-05-16;0.0;CHN
Colombia;2020-03-31;0.0;COL
Colombia;2020-04-30;0.0;COL
Colombia;2020-05-31;0.0;COL
Colombia;2020-06-30;0.0;COL
Colombia;2020-07-31;0.0;COL
Colombia;2020-08-31;0.0;COL
Colombia;2020-09-30;0.0;COL
Colombia;2020-10-31;0.0;COL
Colombia;2020-11-30;0.0;COL
Colombia;2020-12-31;0.0;COL
Colombia;2021-01-31;0.0;COL
Colombia;2021-02-28;0.0;COL
Colombia;2021-03-31;562.2067334076426;COL
Colombia;2021-04-30;3197.601771157468;COL
Colombia;2021-05-16;0.0;COL
Comoros;2020-05-31;0.0;COM
Comoros;2020-06-30;0.0;COM
Comoros;2020-07-31;0.0;COM
Comoros;2020-08-31;0.0;COM
Comoros;2020-09-30;0.0;COM
Comoros;2020-10-31;0.0;COM
Comoros;2020-11-30;0.0;COM
Comoros;2020-12-31;0.0;COM
Comoros;2021-01-31;0.0;COM
Comoros;2021-02-28;0.0;COM
Comoros;2021-03-31;0.0;COM
Comoros;2021-04-30;0.0;COM
Comoros;2021-05-16;0.0;COM
Congo;2020-03-31;0.0;COG
Congo;2020-04-30;0.0;COG
Congo;2020-05-31;0.0;COG
Congo;2020-06-30;0.0;COG
Congo;2020-07-31;0.0;COG
Congo;2020-08-31;0.0;COG
Congo;2020-09-30;0.0;COG
Congo;2020-10-31;0.0;COG
Congo;2020-11-30;0.0;COG
Congo;2020-12-31;0.0;COG
Congo;2021-01-31;0.0;COG
Congo;2021-02-28;0.0;COG
Congo;2021-03-31;0.0;COG
Congo;2021-04-30;0.0;COG
Congo;2021-05-16;0.0;COG
Costa Rica;2020-03-31;0.0;CRI
Costa Rica;2020-04-30;0.0;CRI
Costa Rica;2020-05-31;0.0;CRI
Costa Rica;2020-06-30;0.0;CRI
Costa Rica;2020-07-31;0.0;CRI
Costa Rica;2020-08-31;0.0;CRI
Costa Rica;2020-09-30;0.0;CRI
Costa Rica;2020-10-31;0.0;CRI
Costa Rica;2020-11-30;0.0;CRI
Costa Rica;2020-12-31;0.0;CRI
Costa Rica;2021-01-31;0.0;CRI
Costa Rica;2021-02-28;0.0;CRI
Costa Rica;2021-03-31;0.0;CRI
Costa Rica;2021-04-30;0.0;CRI
Costa Rica;2021-05-16;0.0;CRI
Cote d'Ivoire;2020-03-31;0.0;CIV
Cote d'Ivoire;2020-04-30;0.0;CIV
Cote d'Ivoire;2020-05-31;0.0;CIV
Cote d'Ivoire;2020-06-30;0.0;CIV
Cote d'Ivoire;2020-07-31;0.0;CIV
Cote d'Ivoire;2020-08-31;0.0;CIV
Cote d'Ivoire;2020-09-30;0.0;CIV
Cote d'Ivoire;2020-10-31;0.0;CIV
Cote d'Ivoire;2020-11-30;0.0;CIV
Cote d'Ivoire;2020-12-31;0.0;CIV
Cote d'Ivoire;2021-01-31;0.0;CIV
Cote d'Ivoire;2021-02-28;0.0;CIV
Cote d'Ivoire;2021-03-31;0.0;CIV
Cote d'Ivoire;2021-04-30;0.0;CIV
Cote d'Ivoire;2021-05-16;0.0;CIV
Croatia;2020-02-29;0.0;HRV
Croatia;2020-03-31;0.0;HRV
Croatia;2020-04-30;0.0;HRV
Croatia;2020-05-31;0.0;HRV
Croatia;2020-06-30;0.0;HRV
Croatia;2020-07-31;0.0;HRV
Croatia;2020-08-31;0.0;HRV
Croatia;2020-09-30;0.0;HRV
Croatia;2020-10-31;0.0;HRV
Croatia;2020-11-30;0.0;HRV
Croatia;2020-12-31;0.0;HRV
Croatia;2021-01-31;0.0;HRV
Croatia;2021-02-28;0.0;HRV
Croatia;2021-03-31;2175.570510865551;HRV
Croatia;2021-04-30;4838.904548984378;HRV
Croatia;2021-05-16;7508.206528782042;HRV
Cuba;2020-03-31;0.0;CUB
Cuba;2020-04-30;0.0;CUB
Cuba;2020-05-31;0.0;CUB
Cuba;2020-06-30;0.0;CUB
Cuba;2020-07-31;0.0;CUB
Cuba;2020-08-31;0.0;CUB
Cuba;2020-09-30;0.0;CUB
Cuba;2020-10-31;0.0;CUB
Cuba;2020-11-30;0.0;CUB
Cuba;2020-12-31;0.0;CUB
Cuba;2021-01-31;0.0;CUB
Cuba;2021-02-28;0.0;CUB
Cuba;2021-03-31;0.0;CUB
Cuba;2021-04-30;0.0;CUB
Cuba;2021-05-16;0.0;CUB
Curacao;2021-03-31;0.0;CUW
Curacao;2021-04-30;14287.020109689214;CUW
Curacao;2021-05-16;26745.886654478978;CUW
Cyprus;2020-03-31;0.0;CYP
Cyprus;2020-04-30;0.0;CYP
Cyprus;2020-05-31;0.0;CYP
Cyprus;2020-06-30;0.0;CYP
Cyprus;2020-07-31;0.0;CYP
Cyprus;2020-08-31;0.0;CYP
Cyprus;2020-09-30;0.0;CYP
Cyprus;2020-10-31;0.0;CYP
Cyprus;2020-11-30;0.0;CYP
Cyprus;2020-12-31;0.0;CYP
Cyprus;2021-01-31;0.0;CYP
Cyprus;2021-02-28;0.0;CYP
Cyprus;2021-03-31;0.0;CYP
Cyprus;2021-04-30;0.0;CYP
Cyprus;2021-05-16;12433.168664423638;CYP
Czechia;2020-03-31;0.0;CZE
Czechia;2020-04-30;0.0;CZE
Czechia;2020-05-31;0.0;CZE
Czechia;2020-06-30;0.0;CZE
Czechia;2020-07-31;0.0;CZE
Czechia;2020-08-31;0.0;CZE
Czechia;2020-09-30;0.0;CZE
Czechia;2020-10-31;0.0;CZE
Czechia;2020-11-30;0.0;CZE
Czechia;2020-12-31;0.0;CZE
Czechia;2021-01-31;371.52924526346203;CZE
Czechia;2021-02-28;2271.821915472451;CZE
Czechia;2021-03-31;4831.411613167339;CZE
Czechia;2021-04-30;9437.657099432981;CZE
Czechia;2021-05-16;10319.346880964034;CZE
Democratic Republic of Congo;2020-03-31;0.0;COD
Democratic Republic of Congo;2020-04-30;0.0;COD
Democratic Republic of Congo;2020-05-31;0.0;COD
Democratic Republic of Congo;2020-06-30;0.0;COD
Democratic Republic of Congo;2020-07-31;0.0;COD
Democratic Republic of Congo;2020-08-31;0.0;COD
Democratic Republic of Congo;2020-09-30;0.0;COD
Democratic Republic of Congo;2020-10-31;0.0;COD
Democratic Republic of Congo;2020-11-30;0.0;COD
Democratic Republic of Congo;2020-12-31;0.0;COD
Democratic Republic of Congo;2021-01-31;0.0;COD
Democratic Republic of Congo;2021-02-28;0.0;COD
Democratic Republic of Congo;2021-03-31;0.0;COD
Democratic Republic of Congo;2021-04-30;0.0;COD
Democratic Republic of Congo;2021-05-16;0.0;COD
Denmark;2020-02-29;0.0;DNK
Denmark;2020-03-31;0.0;DNK
Denmark;2020-04-30;0.0;DNK
Denmark;2020-05-31;0.0;DNK
Denmark;2020-06-30;0.0;DNK
Denmark;2020-07-31;0.0;DNK
Denmark;2020-08-31;0.0;DNK
Denmark;2020-09-30;0.0;DNK
Denmark;2020-10-31;0.0;DNK
Denmark;2020-11-30;0.0;DNK
Denmark;2020-12-31;0.0;DNK
Denmark;2021-01-31;1520.0088809042086;DNK
Denmark;2021-02-28;3175.0786358834453;DNK
Denmark;2021-03-31;6719.705783792454;DNK
Denmark;2021-04-30;11214.990220473972;DNK
Denmark;2021-05-16;0.0;DNK
Djibouti;2020-03-31;0.0;DJI
Djibouti;2020-04-30;0.0;DJI
Djibouti;2020-05-31;0.0;DJI
Djibouti;2020-06-30;0.0;DJI
Djibouti;2020-07-31;0.0;DJI
Djibouti;2020-08-31;0.0;DJI
Djibouti;2020-09-30;0.0;DJI
Djibouti;2020-10-31;0.0;DJI
Djibouti;2020-11-30;0.0;DJI
Djibouti;2020-12-31;0.0;DJI
Djibouti;2021-01-31;0.0;DJI
Djibouti;2021-02-28;0.0;DJI
Djibouti;2021-03-31;0.0;DJI
Djibouti;2021-04-30;0.0;DJI
Djibouti;2021-05-16;0.0;DJI
Dominica;2020-03-31;0.0;DMA
Dominica;2020-04-30;0.0;DMA
Dominica;2020-05-31;0.0;DMA
Dominica;2020-06-30;0.0;DMA
Dominica;2020-07-31;0.0;DMA
Dominica;2020-08-31;0.0;DMA
Dominica;2020-09-30;0.0;DMA
Dominica;2020-10-31;0.0;DMA
Dominica;2020-11-30;0.0;DMA
Dominica;2020-12-31;0.0;DMA
Dominica;2021-01-31;0.0;DMA
Dominica;2021-02-28;0.0;DMA
Dominica;2021-03-31;0.0;DMA
Dominica;2021-04-30;0.0;DMA
Dominica;2021-05-16;0.0;DMA
Dominican Republic;2020-03-31;0.0;DOM
Dominican Republic;2020-04-30;0.0;DOM
Dominican Republic;2020-05-31;0.0;DOM
Dominican Republic;2020-06-30;0.0;DOM
Dominican Republic;2020-07-31;0.0;DOM
Dominican Republic;2020-08-31;0.0;DOM
Dominican Republic;2020-09-30;0.0;DOM
Dominican Republic;2020-10-31;0.0;DOM
Dominican Republic;2020-11-30;0.0;DOM
Dominican Republic;2020-12-31;0.0;DOM
Dominican Republic;2021-01-31;0.0;DOM
Dominican Republic;2021-02-28;0.0;DOM
Dominican Republic;2021-03-31;0.0;DOM
Dominican Republic;2021-04-30;7335.896409112765;DOM
Dominican Republic;2021-05-16;0.0;DOM
Ecuador;2020-03-31;0.0;ECU
Ecuador;2020-04-30;0.0;ECU
Ecuador;2020-05-31;0.0;ECU
Ecuador;2020-06-30;0.0;ECU
Ecuador;2020-07-31;0.0;ECU
Ecuador;2020-08-31;0.0;ECU
Ecuador;2020-09-30;0.0;ECU
Ecuador;2020-10-31;0.0;ECU
Ecuador;2020-11-30;0.0;ECU
Ecuador;2020-12-31;0.0;ECU
Ecuador;2021-01-31;0.0;ECU
Ecuador;2021-02-28;0.0;ECU
Ecuador;2021-03-31;0.0;ECU
Ecuador;2021-04-30;1357.0831817156434;ECU
Ecuador;2021-05-16;0.0;ECU
Egypt;2020-02-29;0.0;EGY
Egypt;2020-03-31;0.0;EGY
Egypt;2020-04-30;0.0;EGY
Egypt;2020-05-31;0.0;EGY
Egypt;2020-06-30;0.0;EGY
Egypt;2020-07-31;0.0;EGY
Egypt;2020-08-31;0.0;EGY
Egypt;2020-09-30;0.0;EGY
Egypt;2020-10-31;0.0;EGY
Egypt;2020-11-30;0.0;EGY
Egypt;2020-12-31;0.0;EGY
Egypt;2021-01-31;0.0;EGY
Egypt;2021-02-28;0.0;EGY
Egypt;2021-03-31;0.0;EGY
Egypt;2021-04-30;0.0;EGY
Egypt;2021-05-16;0.0;EGY
El Salvador;2020-03-31;0.0;SLV
El Salvador;2020-04-30;0.0;SLV
El Salvador;2020-05-31;0.0;SLV
El Salvador;2020-06-30;0.0;SLV
El Salvador;2020-07-31;0.0;SLV
El Salvador;2020-08-31;0.0;SLV
El Salvador;2020-09-30;0.0;SLV
El Salvador;2020-10-31;0.0;SLV
El Salvador;2020-11-30;0.0;SLV
El Salvador;2020-12-31;0.0;SLV
El Salvador;2021-01-31;0.0;SLV
El Salvador;2021-02-28;0.0;SLV
El Salvador;2021-03-31;0.0;SLV
El Salvador;2021-04-30;1169.482721858296;SLV
El Salvador;2021-05-16;0.0;SLV
Equatorial Guinea;2020-03-31;0.0;GNQ
Equatorial Guinea;2020-04-30;0.0;GNQ
Equatorial Guinea;2020-05-31;0.0;GNQ
Equatorial Guinea;2020-06-30;0.0;GNQ
Equatorial Guinea;2020-07-31;0.0;GNQ
Equatorial Guinea;2020-08-31;0.0;GNQ
Equatorial Guinea;2020-09-30;0.0;GNQ
Equatorial Guinea;2020-10-31;0.0;GNQ
Equatorial Guinea;2020-11-30;0.0;GNQ
Equatorial Guinea;2020-12-31;0.0;GNQ
Equatorial Guinea;2021-01-31;0.0;GNQ
Equatorial Guinea;2021-02-28;0.0;GNQ
Equatorial Guinea;2021-03-31;0.0;GNQ
Equatorial Guinea;2021-04-30;0.0;GNQ
Equatorial Guinea;2021-05-16;0.0;GNQ
Eritrea;2020-03-31;0.0;ERI
Eritrea;2020-04-30;0.0;ERI
Eritrea;2020-05-31;0.0;ERI
Eritrea;2020-06-30;0.0;ERI
Eritrea;2020-07-31;0.0;ERI
Eritrea;2020-08-31;0.0;ERI
Eritrea;2020-09-30;0.0;ERI
Eritrea;2020-10-31;0.0;ERI
Eritrea;2020-11-30;0.0;ERI
Eritrea;2020-12-31;0.0;ERI
Eritrea;2021-01-31;0.0;ERI
Eritrea;2021-02-28;0.0;ERI
Eritrea;2021-03-31;0.0;ERI
Eritrea;2021-04-30;0.0;ERI
Eritrea;2021-05-16;0.0;ERI
Estonia;2020-02-29;0.0;EST
Estonia;2020-03-31;0.0;EST
Estonia;2020-04-30;0.0;EST
Estonia;2020-05-31;0.0;EST
Estonia;2020-06-30;0.0;EST
Estonia;2020-07-31;0.0;EST
Estonia;2020-08-31;0.0;EST
Estonia;2020-09-30;0.0;EST
Estonia;2020-10-31;0.0;EST
Estonia;2020-11-30;0.0;EST
Estonia;2020-12-31;0.0;EST
Estonia;2021-01-31;787.688865536558;EST
Estonia;2021-02-28;2567.357612554173;EST
Estonia;2021-03-31;4802.648094025129;EST
Estonia;2021-04-30;9222.193995050278;EST
Estonia;2021-05-16;13417.849004062451;EST
Eswatini;2020-03-31;0.0;SWZ
Eswatini;2020-04-30;0.0;SWZ
Eswatini;2020-05-31;0.0;SWZ
Eswatini;2020-06-30;0.0;SWZ
Eswatini;2020-07-31;0.0;SWZ
Eswatini;2020-08-31;0.0;SWZ
Eswatini;2020-09-30;0.0;SWZ
Eswatini;2020-10-31;0.0;SWZ
Eswatini;2020-11-30;0.0;SWZ
Eswatini;2020-12-31;0.0;SWZ
Eswatini;2021-01-31;0.0;SWZ
Eswatini;2021-02-28;0.0;SWZ
Eswatini;2021-03-31;0.0;SWZ
Eswatini;2021-04-30;0.0;SWZ
Eswatini;2021-05-16;0.0;SWZ
Ethiopia;2020-03-31;0.0;ETH
Ethiopia;2020-04-30;0.0;ETH
Ethiopia;2020-05-31;0.0;ETH
Ethiopia;2020-06-30;0.0;ETH
Ethiopia;2020-07-31;0.0;ETH
Ethiopia;2020-08-31;0.0;ETH
Ethiopia;2020-09-30;0.0;ETH
Ethiopia;2020-10-31;0.0;ETH
Ethiopia;2020-11-30;0.0;ETH
Ethiopia;2020-12-31;0.0;ETH
Ethiopia;2021-01-31;0.0;ETH
Ethiopia;2021-02-28;0.0;ETH
Ethiopia;2021-03-31;0.0;ETH
Ethiopia;2021-04-30;0.0;ETH
Ethiopia;2021-05-16;0.0;ETH
Europe;2020-01-31;0.0;OWID_EUR
Europe;2020-02-29;0.0;OWID_EUR
Europe;2020-03-31;0.0;OWID_EUR
Europe;2020-04-30;0.0;OWID_EUR
Europe;2020-05-31;0.0;OWID_EUR
Europe;2020-06-30;0.0;OWID_EUR
Europe;2020-07-31;0.0;OWID_EUR
Europe;2020-08-31;0.0;OWID_EUR
Europe;2020-09-30;0.0;OWID_EUR
Europe;2020-10-31;0.0;OWID_EUR
Europe;2020-11-30;0.0;OWID_EUR
Europe;2020-12-31;0.1401132531017064;OWID_EUR
Europe;2021-01-31;405.80244163011105;OWID_EUR
Europe;2021-02-28;1759.8177840633823;OWID_EUR
Europe;2021-03-31;4450.174831620901;OWID_EUR
Europe;2021-04-30;8760.623491367445;OWID_EUR
Europe;2021-05-16;12197.176441730546;OWID_EUR
European Union;2020-01-31;0.0;OWID_EUN
European Union;2020-02-29;0.0;OWID_EUN
European Union;2020-03-31;0.0;OWID_EUN
European Union;2020-04-30;0.0;OWID_EUN
European Union;2020-05-31;0.0;OWID_EUN
European Union;2020-06-30;0.0;OWID_EUN
European Union;2020-07-31;0.0;OWID_EUN
European Union;2020-08-31;0.0;OWID_EUN
European Union;2020-09-30;0.0;OWID_EUN
European Union;2020-10-31;0.0;OWID_EUN
European Union;2020-11-30;0.0;OWID_EUN
European Union;2020-12-31;0.23577322131355757;OWID_EUN
European Union;2021-01-31;565.5035322604521;OWID_EUN
European Union;2021-02-28;2556.598047294265;OWID_EUN
European Union;2021-03-31;5037.937012633264;OWID_EUN
European Union;2021-04-30;8985.45434308883;OWID_EUN
European Union;2021-05-16;12889.654356457555;OWID_EUN
Faeroe Islands;2021-01-31;0.0;FRO
Faeroe Islands;2021-02-28;0.0;FRO
Faeroe Islands;2021-03-31;0.0;FRO
Faeroe Islands;2021-04-30;0.0;FRO
Faeroe Islands;2021-05-16;16011.46014529827;FRO
Falkland Islands;2021-02-28;0.0;FLK
Falkland Islands;2021-03-31;0.0;FLK
Falkland Islands;2021-04-14;50961.814527705996;FLK
Fiji;2020-01-31;0.0;FJI
Fiji;2020-02-29;0.0;FJI
Fiji;2020-03-31;0.0;FJI
Fiji;2020-04-30;0.0;FJI
Fiji;2020-05-31;0.0;FJI
Fiji;2020-06-30;0.0;FJI
Fiji;2020-07-31;0.0;FJI
Fiji;2020-08-31;0.0;FJI
Fiji;2020-09-30;0.0;FJI
Fiji;2020-10-31;0.0;FJI
Fiji;2020-11-30;0.0;FJI
Fiji;2020-12-31;0.0;FJI
Fiji;2021-01-31;0.0;FJI
Fiji;2021-02-28;0.0;FJI
Fiji;2021-03-31;0.0;FJI
Fiji;2021-04-30;0.0;FJI
Fiji;2021-05-16;0.0;FJI
Finland;2020-01-31;0.0;FIN
Finland;2020-02-29;0.0;FIN
Finland;2020-03-31;0.0;FIN
Finland;2020-04-30;0.0;FIN
Finland;2020-05-31;0.0;FIN
Finland;2020-06-30;0.0;FIN
Finland;2020-07-31;0.0;FIN
Finland;2020-08-31;0.0;FIN
Finland;2020-09-30;0.0;FIN
Finland;2020-10-31;0.0;FIN
Finland;2020-11-30;0.0;FIN
Finland;2020-12-31;0.0;FIN
Finland;2021-01-31;0.0;FIN
Finland;2021-02-28;1464.1604210862201;FIN
Finland;2021-03-31;1605.459797809598;FIN
Finland;2021-04-30;3000.2068323997;FIN
Finland;2021-05-16;0.0;FIN
France;2020-01-31;0.0;FRA
France;2020-02-29;0.0;FRA
France;2020-03-31;0.0;FRA
France;2020-04-30;0.0;FRA
France;2020-05-31;0.0;FRA
France;2020-06-30;0.0;FRA
France;2020-07-31;0.0;FRA
France;2020-08-31;0.0;FRA
France;2020-09-30;0.0;FRA
France;2020-10-31;0.0;FRA
France;2020-11-30;0.0;FRA
France;2020-12-31;0.0;FRA
France;2021-01-31;71.67251805988347;FRA
France;2021-02-28;2366.0293370232134;FRA
France;2021-03-31;4249.433624299336;FRA
France;2021-04-30;9631.757776756824;FRA
France;2021-05-16;0.0;FRA
French Polynesia;2021-02-28;0.0;PYF
French Polynesia;2021-03-31;0.0;PYF
French Polynesia;2021-04-30;0.0;PYF
French Polynesia;2021-05-11;11212.015492837412;PYF
Gabon;2020-03-31;0.0;GAB
Gabon;2020-04-30;0.0;GAB
Gabon;2020-05-31;0.0;GAB
Gabon;2020-06-30;0.0;GAB
Gabon;2020-07-31;0.0;GAB
Gabon;2020-08-31;0.0;GAB
Gabon;2020-09-30;0.0;GAB
Gabon;2020-10-31;0.0;GAB
Gabon;2020-11-30;0.0;GAB
Gabon;2020-12-31;0.0;GAB
Gabon;2021-01-31;0.0;GAB
Gabon;2021-02-28;0.0;GAB
Gabon;2021-03-31;0.0;GAB
Gabon;2021-04-30;118.74766368576934;GAB
Gabon;2021-05-16;0.0;GAB
Gambia;2020-03-31;0.0;GMB
Gambia;2020-04-30;0.0;GMB
Gambia;2020-05-31;0.0;GMB
Gambia;2020-06-30;0.0;GMB
Gambia;2020-07-31;0.0;GMB
Gambia;2020-08-31;0.0;GMB
Gambia;2020-09-30;0.0;GMB
Gambia;2020-10-31;0.0;GMB
Gambia;2020-11-30;0.0;GMB
Gambia;2020-12-31;0.0;GMB
Gambia;2021-01-31;0.0;GMB
Gambia;2021-02-28;0.0;GMB
Gambia;2021-03-31;0.0;GMB
Gambia;2021-04-30;0.0;GMB
Gambia;2021-05-16;0.0;GMB
Georgia;2020-02-29;0.0;GEO
Georgia;2020-03-31;0.0;GEO
Georgia;2020-04-30;0.0;GEO
Georgia;2020-05-31;0.0;GEO
Georgia;2020-06-30;0.0;GEO
Georgia;2020-07-31;0.0;GEO
Georgia;2020-08-31;0.0;GEO
Georgia;2020-09-30;0.0;GEO
Georgia;2020-10-31;0.0;GEO
Georgia;2020-11-30;0.0;GEO
Georgia;2020-12-31;0.0;GEO
Georgia;2021-01-31;0.0;GEO
Georgia;2021-02-28;0.0;GEO
Georgia;2021-03-31;0.0;GEO
Georgia;2021-04-30;152.01138079928808;GEO
Georgia;2021-05-16;0.0;GEO
Germany;2020-01-31;0.0;DEU
Germany;2020-02-29;0.0;DEU
Germany;2020-03-31;0.0;DEU
Germany;2020-04-30;0.0;DEU
Germany;2020-05-31;0.0;DEU
Germany;2020-06-30;0.0;DEU
Germany;2020-07-31;0.0;DEU
Germany;2020-08-31;0.0;DEU
Germany;2020-09-30;0.0;DEU
Germany;2020-10-31;0.0;DEU
Germany;2020-11-30;0.0;DEU
Germany;2020-12-31;1.246062118464343;DEU
Germany;2021-01-31;718.3870370391368;DEU
Germany;2021-02-28;2602.9103785934167;DEU
Germany;2021-03-31;5051.5489572614415;DEU
Germany;2021-04-30;7815.931799344135;DEU
Germany;2021-05-16;0.0;DEU
Ghana;2020-03-31;0.0;GHA
Ghana;2020-04-30;0.0;GHA
Ghana;2020-05-31;0.0;GHA
Ghana;2020-06-30;0.0;GHA
Ghana;2020-07-31;0.0;GHA
Ghana;2020-08-31;0.0;GHA
Ghana;2020-09-30;0.0;GHA
Ghana;2020-10-31;0.0;GHA
Ghana;2020-11-30;0.0;GHA
Ghana;2020-12-31;0.0;GHA
Ghana;2021-01-31;0.0;GHA
Ghana;2021-02-28;0.0;GHA
Ghana;2021-03-31;0.0;GHA
Ghana;2021-04-30;0.0;GHA
Ghana;2021-05-16;0.0;GHA
Gibraltar;2021-01-31;1187.2606927666143;GIB
Gibraltar;2021-02-28;39446.73651717076;GIB
Gibraltar;2021-03-31;84669.4963046511;GIB
Gibraltar;2021-04-30;99762.54786144668;GIB
Gibraltar;2021-05-14;105535.60298002434;GIB
Greece;2020-02-29;0.0;GRC
Greece;2020-03-31;0.0;GRC
Greece;2020-04-30;0.0;GRC
Greece;2020-05-31;0.0;GRC
Greece;2020-06-30;0.0;GRC
Greece;2020-07-31;0.0;GRC
Greece;2020-08-31;0.0;GRC
Greece;2020-09-30;0.0;GRC
Greece;2020-10-31;0.0;GRC
Greece;2020-11-30;0.0;GRC
Greece;2020-12-31;0.0;GRC
Greece;2021-01-31;0.0;GRC
Greece;2021-02-28;0.0;GRC
Greece;2021-03-31;5825.297302441818;GRC
Greece;2021-04-30;9058.120766116961;GRC
Greece;2021-05-16;0.0;GRC
Greenland;2021-01-31;0.0;GRL
Greenland;2021-02-28;0.0;GRL
Greenland;2021-03-31;0.0;GRL
Greenland;2021-04-30;0.0;GRL
Greenland;2021-05-14;10649.616007891213;GRL
Grenada;2020-03-31;0.0;GRD
Grenada;2020-04-30;0.0;GRD
Grenada;2020-05-31;0.0;GRD
Grenada;2020-06-30;0.0;GRD
Grenada;2020-07-31;0.0;GRD
Grenada;2020-08-31;0.0;GRD
Grenada;2020-09-30;0.0;GRD
Grenada;2020-10-31;0.0;GRD
Grenada;2020-11-30;0.0;GRD
Grenada;2020-12-31;0.0;GRD
Grenada;2021-01-31;0.0;GRD
Grenada;2021-02-28;0.0;GRD
Grenada;2021-03-31;0.0;GRD
Grenada;2021-04-30;0.0;GRD
Grenada;2021-05-16;0.0;GRD
Guatemala;2020-02-29;0.0;GTM
Guatemala;2020-03-31;0.0;GTM
Guatemala;2020-04-30;0.0;GTM
Guatemala;2020-05-31;0.0;GTM
Guatemala;2020-06-30;0.0;GTM
Guatemala;2020-07-31;0.0;GTM
Guatemala;2020-08-31;0.0;GTM
Guatemala;2020-09-30;0.0;GTM
Guatemala;2020-10-31;0.0;GTM
Guatemala;2020-11-30;0.0;GTM
Guatemala;2020-12-31;0.0;GTM
Guatemala;2021-01-31;0.0;GTM
Guatemala;2021-02-28;0.0;GTM
Guatemala;2021-03-31;6.653431621784564;GTM
Guatemala;2021-04-30;10.594138605828103;GTM
Guatemala;2021-05-16;0.0;GTM
Guernsey;2021-01-31;0.0;GGY
Guernsey;2021-02-28;0.0;GGY
Guernsey;2021-03-31;0.0;GGY
Guernsey;2021-04-30;0.0;GGY
Guernsey;2021-05-13;0.0;GGY
Guinea;2020-03-31;0.0;GIN
Guinea;2020-04-30;0.0;GIN
Guinea;2020-05-31;0.0;GIN
Guinea;2020-06-30;0.0;GIN
Guinea;2020-07-31;0.0;GIN
Guinea;2020-08-31;0.0;GIN
Guinea;2020-09-30;0.0;GIN
Guinea;2020-10-31;0.0;GIN
Guinea;2020-11-30;0.0;GIN
Guinea;2020-12-31;0.0;GIN
Guinea;2021-01-31;0.0;GIN
Guinea;2021-02-28;0.0;GIN
Guinea;2021-03-31;20.19372575153859;GIN
Guinea;2021-04-30;367.1877236767323;GIN
Guinea;2021-05-16;0.0;GIN
Guinea-Bissau;2020-03-31;0.0;GNB
Guinea-Bissau;2020-04-30;0.0;GNB
Guinea-Bissau;2020-05-31;0.0;GNB
Guinea-Bissau;2020-06-30;0.0;GNB
Guinea-Bissau;2020-07-31;0.0;GNB
Guinea-Bissau;2020-08-31;0.0;GNB
Guinea-Bissau;2020-09-30;0.0;GNB
Guinea-Bissau;2020-10-31;0.0;GNB
Guinea-Bissau;2020-11-30;0.0;GNB
Guinea-Bissau;2020-12-31;0.0;GNB
Guinea-Bissau;2021-01-31;0.0;GNB
Guinea-Bissau;2021-02-28;0.0;GNB
Guinea-Bissau;2021-03-31;0.0;GNB
Guinea-Bissau;2021-04-30;0.0;GNB
Guinea-Bissau;2021-05-16;0.0;GNB
Guyana;2020-03-31;0.0;GUY
Guyana;2020-04-30;0.0;GUY
Guyana;2020-05-31;0.0;GUY
Guyana;2020-06-30;0.0;GUY
Guyana;2020-07-31;0.0;GUY
Guyana;2020-08-31;0.0;GUY
Guyana;2020-09-30;0.0;GUY
Guyana;2020-10-31;0.0;GUY
Guyana;2020-11-30;0.0;GUY
Guyana;2020-12-31;0.0;GUY
Guyana;2021-01-31;0.0;GUY
Guyana;2021-02-28;0.0;GUY
Guyana;2021-03-31;0.0;GUY
Guyana;2021-04-30;0.0;GUY
Guyana;2021-05-16;0.0;GUY
Haiti;2020-03-31;0.0;HTI
Haiti;2020-04-30;0.0;HTI
Haiti;2020-05-31;0.0;HTI
Haiti;2020-06-30;0.0;HTI
Haiti;2020-07-31;0.0;HTI
Haiti;2020-08-31;0.0;HTI
Haiti;2020-09-30;0.0;HTI
Haiti;2020-10-31;0.0;HTI
Haiti;2020-11-30;0.0;HTI
Haiti;2020-12-31;0.0;HTI
Haiti;2021-01-31;0.0;HTI
Haiti;2021-02-28;0.0;HTI
Haiti;2021-03-31;0.0;HTI
Haiti;2021-04-30;0.0;HTI
Haiti;2021-05-16;0.0;HTI
Honduras;2020-03-31;0.0;HND
Honduras;2020-04-30;0.0;HND
Honduras;2020-05-31;0.0;HND
Honduras;2020-06-30;0.0;HND
Honduras;2020-07-31;0.0;HND
Honduras;2020-08-31;0.0;HND
Honduras;2020-09-30;0.0;HND
Honduras;2020-10-31;0.0;HND
Honduras;2020-11-30;0.0;HND
Honduras;2020-12-31;0.0;HND
Honduras;2021-01-31;0.0;HND
Honduras;2021-02-28;0.0;HND
Honduras;2021-03-31;0.0;HND
Honduras;2021-04-30;0.0;HND
Honduras;2021-05-16;0.0;HND
Hong Kong;2020-02-29;0.0;HKG
Hong Kong;2020-03-31;0.0;HKG
Hong Kong;2020-04-30;0.0;HKG
Hong Kong;2020-05-31;0.0;HKG
Hong Kong;2020-06-30;0.0;HKG
Hong Kong;2020-07-31;0.0;HKG
Hong Kong;2020-08-31;0.0;HKG
Hong Kong;2020-09-30;0.0;HKG
Hong Kong;2020-10-31;0.0;HKG
Hong Kong;2020-11-30;0.0;HKG
Hong Kong;2020-12-31;0.0;HKG
Hong Kong;2021-01-31;0.0;HKG
Hong Kong;2021-02-28;0.0;HKG
Hong Kong;2021-03-31;587.4359142631681;HKG
Hong Kong;2021-04-30;6635.424786594296;HKG
Hong Kong;2021-05-16;10500.163532341254;HKG
Hungary;2020-03-31;0.0;HUN
Hungary;2020-04-30;0.0;HUN
Hungary;2020-05-31;0.0;HUN
Hungary;2020-06-30;0.0;HUN
Hungary;2020-07-31;0.0;HUN
Hungary;2020-08-31;0.0;HUN
Hungary;2020-09-30;0.0;HUN
Hungary;2020-10-31;0.0;HUN
Hungary;2020-11-30;0.0;HUN
Hungary;2020-12-31;0.0;HUN
Hungary;2021-01-31;634.2006242009866;HUN
Hungary;2021-02-28;2605.402495768787;HUN
Hungary;2021-03-31;8148.845538722717;HUN
Hungary;2021-04-30;20172.436816471454;HUN
Hungary;2021-05-16;28230.498894967575;HUN
Iceland;2020-02-29;0.0;ISL
Iceland;2020-03-31;0.0;ISL
Iceland;2020-04-30;0.0;ISL
Iceland;2020-05-31;0.0;ISL
Iceland;2020-06-30;0.0;ISL
Iceland;2020-07-31;0.0;ISL
Iceland;2020-08-31;0.0;ISL
Iceland;2020-09-30;0.0;ISL
Iceland;2020-10-31;0.0;ISL
Iceland;2020-11-30;0.0;ISL
Iceland;2020-12-31;0.0;ISL
Iceland;2021-01-31;0.0;ISL
Iceland;2021-02-28;0.0;ISL
Iceland;2021-03-31;6944.468864468864;ISL
Iceland;2021-04-30;10616.263736263736;ISL
Iceland;2021-05-16;0.0;ISL
India;2020-01-31;0.0;IND
India;2020-02-29;0.0;IND
India;2020-03-31;0.0;IND
India;2020-04-30;0.0;IND
India;2020-05-31;0.0;IND
India;2020-06-30;0.0;IND
India;2020-07-31;0.0;IND
India;2020-08-31;0.0;IND
India;2020-09-30;0.0;IND
India;2020-10-31;0.0;IND
India;2020-11-30;0.0;IND
India;2020-12-31;0.0;IND
India;2021-01-31;0.0;IND
India;2021-02-28;177.9842895209351;IND
India;2021-03-31;676.4250245480198;IND
India;2021-04-30;1929.063073230742;IND
India;2021-05-16;2933.8074168510702;IND
Indonesia;2020-03-31;0.0;IDN
Indonesia;2020-04-30;0.0;IDN
Indonesia;2020-05-31;0.0;IDN
Indonesia;2020-06-30;0.0;IDN
Indonesia;2020-07-31;0.0;IDN
Indonesia;2020-08-31;0.0;IDN
Indonesia;2020-09-30;0.0;IDN
Indonesia;2020-10-31;0.0;IDN
Indonesia;2020-11-30;0.0;IDN
Indonesia;2020-12-31;0.0;IDN
Indonesia;2021-01-31;8.243529358658206;IDN
Indonesia;2021-02-28;365.0284375256936;IDN
Indonesia;2021-03-31;1339.8140850146176;IDN
Indonesia;2021-04-30;2795.474837619234;IDN
Indonesia;2021-05-16;3281.594827965516;IDN
International;2020-02-29;;OWID_INT
International;2020-03-31;;OWID_INT
International;2020-04-30;;OWID_INT
International;2020-05-31;;OWID_INT
International;2020-06-30;;OWID_INT
International;2020-07-31;;OWID_INT
International;2020-08-31;;OWID_INT
International;2020-09-30;;OWID_INT
International;2020-10-31;;OWID_INT
International;2020-11-30;;OWID_INT
International;2020-12-31;;OWID_INT
International;2021-01-31;;OWID_INT
International;2021-02-28;;OWID_INT
International;2021-03-31;;OWID_INT
International;2021-04-30;;OWID_INT
International;2021-05-16;;OWID_INT
Iran;2020-02-29;0.0;IRN
Iran;2020-03-31;0.0;IRN
Iran;2020-04-30;0.0;IRN
Iran;2020-05-31;0.0;IRN
Iran;2020-06-30;0.0;IRN
Iran;2020-07-31;0.0;IRN
Iran;2020-08-31;0.0;IRN
Iran;2020-09-30;0.0;IRN
Iran;2020-10-31;0.0;IRN
Iran;2020-11-30;0.0;IRN
Iran;2020-12-31;0.0;IRN
Iran;2021-01-31;0.0;IRN
Iran;2021-02-28;0.0;IRN
Iran;2021-03-31;0.0;IRN
Iran;2021-04-30;249.81500531360052;IRN
Iran;2021-05-16;0.0;IRN
Iraq;2020-02-29;0.0;IRQ
Iraq;2020-03-31;0.0;IRQ
Iraq;2020-04-30;0.0;IRQ
Iraq;2020-05-31;0.0;IRQ
Iraq;2020-06-30;0.0;IRQ
Iraq;2020-07-31;0.0;IRQ
Iraq;2020-08-31;0.0;IRQ
Iraq;2020-09-30;0.0;IRQ
Iraq;2020-10-31;0.0;IRQ
Iraq;2020-11-30;0.0;IRQ
Iraq;2020-12-31;0.0;IRQ
Iraq;2021-01-31;0.0;IRQ
Iraq;2021-02-28;0.0;IRQ
Iraq;2021-03-31;0.0;IRQ
Iraq;2021-04-30;0.0;IRQ
Iraq;2021-05-16;0.0;IRQ
Ireland;2020-02-29;0.0;IRL
Ireland;2020-03-31;0.0;IRL
Ireland;2020-04-30;0.0;IRL
Ireland;2020-05-31;0.0;IRL
Ireland;2020-06-30;0.0;IRL
Ireland;2020-07-31;0.0;IRL
Ireland;2020-08-31;0.0;IRL
Ireland;2020-09-30;0.0;IRL
Ireland;2020-10-31;0.0;IRL
Ireland;2020-11-30;0.0;IRL
Ireland;2020-12-31;0.0;IRL
Ireland;2021-01-31;998.4211579417214;IRL
Ireland;2021-02-28;2873.407487875157;IRL
Ireland;2021-03-31;4991.234955838597;IRL
Ireland;2021-04-30;8947.737006551102;IRL
Ireland;2021-05-16;0.0;IRL
Isle of Man;2021-01-31;0.0;IMN
Isle of Man;2021-02-28;8619.10810047982;IMN
Isle of Man;2021-03-31;18006.162385925298;IMN
Isle of Man;2021-04-30;0.0;IMN
Isle of Man;2021-05-12;18694.138677203875;IMN
Israel;2020-02-29;0.0;ISR
Israel;2020-03-31;0.0;ISR
Israel;2020-04-30;0.0;ISR
Israel;2020-05-31;0.0;ISR
Israel;2020-06-30;0.0;ISR
Israel;2020-07-31;0.0;ISR
Israel;2020-08-31;0.0;ISR
Israel;2020-09-30;0.0;ISR
Israel;2020-10-31;0.0;ISR
Israel;2020-11-30;0.0;ISR
Israel;2020-12-31;0.0;ISR
Israel;2021-01-31;21364.141190019203;ISR
Israel;2021-02-28;39236.39204065927;ISR
Israel;2021-03-31;55391.19969508549;ISR
Israel;2021-04-30;58329.883712641415;ISR
Israel;2021-05-16;58885.43535291439;ISR
Italy;2020-02-29;0.0;ITA
Italy;2020-03-31;0.0;ITA
Italy;2020-04-30;0.0;ITA
Italy;2020-05-31;0.0;ITA
Italy;2020-06-30;0.0;ITA
Italy;2020-07-31;0.0;ITA
Italy;2020-08-31;0.0;ITA
Italy;2020-09-30;0.0;ITA
Italy;2020-10-31;0.0;ITA
Italy;2020-11-30;0.0;ITA
Italy;2020-12-31;0.0;ITA
Italy;2021-01-31;1059.127752472188;ITA
Italy;2021-02-28;2354.0935613127676;ITA
Italy;2021-03-31;5359.1184838142835;ITA
Italy;2021-04-30;9901.177648813396;ITA
Italy;2021-05-16;14269.922503831673;ITA
Jamaica;2020-03-31;0.0;JAM
Jamaica;2020-04-30;0.0;JAM
Jamaica;2020-05-31;0.0;JAM
Jamaica;2020-06-30;0.0;JAM
Jamaica;2020-07-31;0.0;JAM
Jamaica;2020-08-31;0.0;JAM
Jamaica;2020-09-30;0.0;JAM
Jamaica;2020-10-31;0.0;JAM
Jamaica;2020-11-30;0.0;JAM
Jamaica;2020-12-31;0.0;JAM
Jamaica;2021-01-31;0.0;JAM
Jamaica;2021-02-28;0.0;JAM
Jamaica;2021-03-31;0.0;JAM
Jamaica;2021-04-30;0.0;JAM
Jamaica;2021-05-16;0.0;JAM
Japan;2020-01-31;0.0;JPN
Japan;2020-02-29;0.0;JPN
Japan;2020-03-31;0.0;JPN
Japan;2020-04-30;0.0;JPN
Japan;2020-05-31;0.0;JPN
Japan;2020-06-30;0.0;JPN
Japan;2020-07-31;0.0;JPN
Japan;2020-08-31;0.0;JPN
Japan;2020-09-30;0.0;JPN
Japan;2020-10-31;0.0;JPN
Japan;2020-11-30;0.0;JPN
Japan;2020-12-31;0.0;JPN
Japan;2021-01-31;0.0;JPN
Japan;2021-02-28;0.0;JPN
Japan;2021-03-31;99.29120564081578;JPN
Japan;2021-04-30;0.0;JPN
Japan;2021-05-16;1369.16626808129;JPN
Jersey;2021-03-31;0.0;JEY
Jersey;2021-04-30;0.0;JEY
Jersey;2021-05-13;38226.82615535306;JEY
Jordan;2020-03-31;0.0;JOR
Jordan;2020-04-30;0.0;JOR
Jordan;2020-05-31;0.0;JOR
Jordan;2020-06-30;0.0;JOR
Jordan;2020-07-31;0.0;JOR
Jordan;2020-08-31;0.0;JOR
Jordan;2020-09-30;0.0;JOR
Jordan;2020-10-31;0.0;JOR
Jordan;2020-11-30;0.0;JOR
Jordan;2020-12-31;0.0;JOR
Jordan;2021-01-31;0.0;JOR
Jordan;2021-02-28;0.0;JOR
Jordan;2021-03-31;0.0;JOR
Jordan;2021-04-30;0.0;JOR
Jordan;2021-05-16;0.0;JOR
Kazakhstan;2020-03-31;0.0;KAZ
Kazakhstan;2020-04-30;0.0;KAZ
Kazakhstan;2020-05-31;0.0;KAZ
Kazakhstan;2020-06-30;0.0;KAZ
Kazakhstan;2020-07-31;0.0;KAZ
Kazakhstan;2020-08-31;0.0;KAZ
Kazakhstan;2020-09-30;0.0;KAZ
Kazakhstan;2020-10-31;0.0;KAZ
Kazakhstan;2020-11-30;0.0;KAZ
Kazakhstan;2020-12-31;0.0;KAZ
Kazakhstan;2021-01-31;0.0;KAZ
Kazakhstan;2021-02-28;0.0;KAZ
Kazakhstan;2021-03-31;0.0;KAZ
Kazakhstan;2021-04-30;0.0;KAZ
Kazakhstan;2021-05-16;4015.4911082118924;KAZ
Kenya;2020-03-31;0.0;KEN
Kenya;2020-04-30;0.0;KEN
Kenya;2020-05-31;0.0;KEN
Kenya;2020-06-30;0.0;KEN
Kenya;2020-07-31;0.0;KEN
Kenya;2020-08-31;0.0;KEN
Kenya;2020-09-30;0.0;KEN
Kenya;2020-10-31;0.0;KEN
Kenya;2020-11-30;0.0;KEN
Kenya;2020-12-31;0.0;KEN
Kenya;2021-01-31;0.0;KEN
Kenya;2021-02-28;0.0;KEN
Kenya;2021-03-31;0.0;KEN
Kenya;2021-04-30;0.0;KEN
Kenya;2021-05-16;0.0;KEN
Kosovo;2020-03-31;0.0;OWID_KOS
Kosovo;2020-04-30;0.0;OWID_KOS
Kosovo;2020-05-31;0.0;OWID_KOS
Kosovo;2020-06-30;0.0;OWID_KOS
Kosovo;2020-07-31;0.0;OWID_KOS
Kosovo;2020-08-31;0.0;OWID_KOS
Kosovo;2020-09-30;0.0;OWID_KOS
Kosovo;2020-10-31;0.0;OWID_KOS
Kosovo;2020-11-30;0.0;OWID_KOS
Kosovo;2020-12-31;0.0;OWID_KOS
Kosovo;2021-01-31;0.0;OWID_KOS
Kosovo;2021-02-28;0.0;OWID_KOS
Kosovo;2021-03-31;0.0;OWID_KOS
Kosovo;2021-04-30;0.0;OWID_KOS
Kosovo;2021-05-16;0.0;OWID_KOS
Kuwait;2020-02-29;0.0;KWT
Kuwait;2020-03-31;0.0;KWT
Kuwait;2020-04-30;0.0;KWT
Kuwait;2020-05-31;0.0;KWT
Kuwait;2020-06-30;0.0;KWT
Kuwait;2020-07-31;0.0;KWT
Kuwait;2020-08-31;0.0;KWT
Kuwait;2020-09-30;0.0;KWT
Kuwait;2020-10-31;0.0;KWT
Kuwait;2020-11-30;0.0;KWT
Kuwait;2020-12-31;0.0;KWT
Kuwait;2021-01-31;0.0;KWT
Kuwait;2021-02-28;0.0;KWT
Kuwait;2021-03-31;0.0;KWT
Kuwait;2021-04-30;0.0;KWT
Kuwait;2021-05-16;0.0;KWT
Kyrgyzstan;2020-03-31;0.0;KGZ
Kyrgyzstan;2020-04-30;0.0;KGZ
Kyrgyzstan;2020-05-31;0.0;KGZ
Kyrgyzstan;2020-06-30;0.0;KGZ
Kyrgyzstan;2020-07-31;0.0;KGZ
Kyrgyzstan;2020-08-31;0.0;KGZ
Kyrgyzstan;2020-09-30;0.0;KGZ
Kyrgyzstan;2020-10-31;0.0;KGZ
Kyrgyzstan;2020-11-30;0.0;KGZ
Kyrgyzstan;2020-12-31;0.0;KGZ
Kyrgyzstan;2021-01-31;0.0;KGZ
Kyrgyzstan;2021-02-28;0.0;KGZ
Kyrgyzstan;2021-03-31;0.0;KGZ
Kyrgyzstan;2021-04-30;0.0;KGZ
Kyrgyzstan;2021-05-16;0.0;KGZ
Laos;2020-03-31;0.0;LAO
Laos;2020-04-30;0.0;LAO
Laos;2020-05-31;0.0;LAO
Laos;2020-06-30;0.0;LAO
Laos;2020-07-31;0.0;LAO
Laos;2020-08-31;0.0;LAO
Laos;2020-09-30;0.0;LAO
Laos;2020-10-31;0.0;LAO
Laos;2020-11-30;0.0;LAO
Laos;2020-12-31;0.0;LAO
Laos;2021-01-31;0.0;LAO
Laos;2021-02-28;0.0;LAO
Laos;2021-03-31;0.0;LAO
Laos;2021-04-30;0.0;LAO
Laos;2021-05-16;0.0;LAO
Latvia;2020-02-29;0.0;LVA
Latvia;2020-03-31;0.0;LVA
Latvia;2020-04-30;0.0;LVA
Latvia;2020-05-31;0.0;LVA
Latvia;2020-06-30;0.0;LVA
Latvia;2020-07-31;0.0;LVA
Latvia;2020-08-31;0.0;LVA
Latvia;2020-09-30;0.0;LVA
Latvia;2020-10-31;0.0;LVA
Latvia;2020-11-30;0.0;LVA
Latvia;2020-12-31;0.0;LVA
Latvia;2021-01-31;353.56764545896993;LVA
Latvia;2021-02-28;904.4630426645715;LVA
Latvia;2021-03-31;1289.3104768206163;LVA
Latvia;2021-04-30;2867.985507384681;LVA
Latvia;2021-05-16;6190.747332470223;LVA
Lebanon;2020-02-29;0.0;LBN
Lebanon;2020-03-31;0.0;LBN
Lebanon;2020-04-30;0.0;LBN
Lebanon;2020-05-31;0.0;LBN
Lebanon;2020-06-30;0.0;LBN
Lebanon;2020-07-31;0.0;LBN
Lebanon;2020-08-31;0.0;LBN
Lebanon;2020-09-30;0.0;LBN
Lebanon;2020-10-31;0.0;LBN
Lebanon;2020-11-30;0.0;LBN
Lebanon;2020-12-31;0.0;LBN
Lebanon;2021-01-31;0.0;LBN
Lebanon;2021-02-28;0.0;LBN
Lebanon;2021-03-31;1215.92125462351;LBN
Lebanon;2021-04-30;2468.206454614954;LBN
Lesotho;2020-05-31;0.0;LSO
Lesotho;2020-06-30;0.0;LSO
Lesotho;2020-07-31;0.0;LSO
Lesotho;2020-08-31;0.0;LSO
Lesotho;2020-09-30;0.0;LSO
Lesotho;2020-10-31;0.0;LSO
Lesotho;2020-11-30;0.0;LSO
Lesotho;2020-12-31;0.0;LSO
Lesotho;2021-01-31;0.0;LSO
Lesotho;2021-02-28;0.0;LSO
Lesotho;2021-03-31;0.0;LSO
Lesotho;2021-04-30;0.0;LSO
Lesotho;2021-05-16;0.0;LSO
Liberia;2020-03-31;0.0;LBR
Liberia;2020-04-30;0.0;LBR
Liberia;2020-05-31;0.0;LBR
Liberia;2020-06-30;0.0;LBR
Liberia;2020-07-31;0.0;LBR
Liberia;2020-08-31;0.0;LBR
Liberia;2020-09-30;0.0;LBR
Liberia;2020-10-31;0.0;LBR
Liberia;2020-11-30;0.0;LBR
Liberia;2020-12-31;0.0;LBR
Liberia;2021-01-31;0.0;LBR
Liberia;2021-02-28;0.0;LBR
Liberia;2021-03-31;0.0;LBR
Liberia;2021-04-30;0.0;LBR
Liberia;2021-05-16;0.0;LBR
Libya;2020-03-31;0.0;LBY
Libya;2020-04-30;0.0;LBY
Libya;2020-05-31;0.0;LBY
Libya;2020-06-30;0.0;LBY
Libya;2020-07-31;0.0;LBY
Libya;2020-08-31;0.0;LBY
Libya;2020-09-30;0.0;LBY
Libya;2020-10-31;0.0;LBY
Libya;2020-11-30;0.0;LBY
Libya;2020-12-31;0.0;LBY
Libya;2021-01-31;0.0;LBY
Libya;2021-02-28;0.0;LBY
Libya;2021-03-31;0.0;LBY
Libya;2021-04-30;0.0;LBY
Libya;2021-05-16;0.0;LBY
Liechtenstein;2020-03-31;0.0;LIE
Liechtenstein;2020-04-30;0.0;LIE
Liechtenstein;2020-05-31;0.0;LIE
Liechtenstein;2020-06-30;0.0;LIE
Liechtenstein;2020-07-31;0.0;LIE
Liechtenstein;2020-08-31;0.0;LIE
Liechtenstein;2020-09-30;0.0;LIE
Liechtenstein;2020-10-31;0.0;LIE
Liechtenstein;2020-11-30;0.0;LIE
Liechtenstein;2020-12-31;0.0;LIE
Liechtenstein;2021-01-31;0.0;LIE
Liechtenstein;2021-02-28;2150.1429058394738;LIE
Liechtenstein;2021-03-31;4940.084432440936;LIE
Liechtenstein;2021-04-30;10968.350945276241;LIE
Liechtenstein;2021-05-16;0.0;LIE
Lithuania;2020-03-31;0.0;LTU
Lithuania;2020-04-30;0.0;LTU
Lithuania;2020-05-31;0.0;LTU
Lithuania;2020-06-30;0.0;LTU
Lithuania;2020-07-31;0.0;LTU
Lithuania;2020-08-31;0.0;LTU
Lithuania;2020-09-30;0.0;LTU
Lithuania;2020-10-31;0.0;LTU
Lithuania;2020-11-30;0.0;LTU
Lithuania;2020-12-31;0.0;LTU
Lithuania;2021-01-31;814.4977888109685;LTU
Lithuania;2021-02-28;2707.498941149201;LTU
Lithuania;2021-03-31;6154.705723965587;LTU
Lithuania;2021-04-30;10929.727938710446;LTU
Lithuania;2021-05-16;16337.48926914867;LTU
Luxembourg;2020-02-29;0.0;LUX
Luxembourg;2020-03-31;0.0;LUX
Luxembourg;2020-04-30;0.0;LUX
Luxembourg;2020-05-31;0.0;LUX
Luxembourg;2020-06-30;0.0;LUX
Luxembourg;2020-07-31;0.0;LUX
Luxembourg;2020-08-31;0.0;LUX
Luxembourg;2020-09-30;0.0;LUX
Luxembourg;2020-10-31;0.0;LUX
Luxembourg;2020-11-30;0.0;LUX
Luxembourg;2020-12-31;0.0;LUX
Luxembourg;2021-01-31;268.38089639219396;LUX
Luxembourg;2021-02-28;1709.3307091645686;LUX
Luxembourg;2021-03-31;3595.185757920431;LUX
Luxembourg;2021-04-30;0.0;LUX
Luxembourg;2021-05-16;0.0;LUX
Macao;2021-02-28;0.0;MAC
Macao;2021-03-31;0.0;MAC
Macao;2021-04-30;5553.621974244697;MAC
Macao;2021-05-16;7433.679016604501;MAC
Madagascar;2020-03-31;0.0;MDG
Madagascar;2020-04-30;0.0;MDG
Madagascar;2020-05-31;0.0;MDG
Madagascar;2020-06-30;0.0;MDG
Madagascar;2020-07-31;0.0;MDG
Madagascar;2020-08-31;0.0;MDG
Madagascar;2020-09-30;0.0;MDG
Madagascar;2020-10-31;0.0;MDG
Madagascar;2020-11-30;0.0;MDG
Madagascar;2020-12-31;0.0;MDG
Madagascar;2021-01-31;0.0;MDG
Madagascar;2021-02-28;0.0;MDG
Madagascar;2021-03-31;0.0;MDG
Madagascar;2021-04-30;0.0;MDG
Madagascar;2021-05-16;0.0;MDG
Malawi;2020-03-31;0.0;MWI
Malawi;2020-04-30;0.0;MWI
Malawi;2020-05-31;0.0;MWI
Malawi;2020-06-30;0.0;MWI
Malawi;2020-07-31;0.0;MWI
Malawi;2020-08-31;0.0;MWI
Malawi;2020-09-30;0.0;MWI
Malawi;2020-10-31;0.0;MWI
Malawi;2020-11-30;0.0;MWI
Malawi;2020-12-31;0.0;MWI
Malawi;2021-01-31;0.0;MWI
Malawi;2021-02-28;0.0;MWI
Malawi;2021-03-31;0.0;MWI
Malawi;2021-04-30;0.0;MWI
Malawi;2021-05-16;0.0;MWI
Malaysia;2020-01-31;0.0;MYS
Malaysia;2020-02-29;0.0;MYS
Malaysia;2020-03-31;0.0;MYS
Malaysia;2020-04-30;0.0;MYS
Malaysia;2020-05-31;0.0;MYS
Malaysia;2020-06-30;0.0;MYS
Malaysia;2020-07-31;0.0;MYS
Malaysia;2020-08-31;0.0;MYS
Malaysia;2020-09-30;0.0;MYS
Malaysia;2020-10-31;0.0;MYS
Malaysia;2020-11-30;0.0;MYS
Malaysia;2020-12-31;0.0;MYS
Malaysia;2021-01-31;0.0;MYS
Malaysia;2021-02-28;0.0;MYS
Malaysia;2021-03-31;665.4977856700109;MYS
Malaysia;2021-04-30;0.0;MYS
Malaysia;2021-05-16;2251.823039722118;MYS
Maldives;2020-03-31;0.0;MDV
Maldives;2020-04-30;0.0;MDV
Maldives;2020-05-31;0.0;MDV
Maldives;2020-06-30;0.0;MDV
Maldives;2020-07-31;0.0;MDV
Maldives;2020-08-31;0.0;MDV
Maldives;2020-09-30;0.0;MDV
Maldives;2020-10-31;0.0;MDV
Maldives;2020-11-30;0.0;MDV
Maldives;2020-12-31;0.0;MDV
Maldives;2021-01-31;0.0;MDV
Maldives;2021-02-28;0.0;MDV
Maldives;2021-03-31;0.0;MDV
Maldives;2021-04-30;0.0;MDV
Maldives;2021-05-16;0.0;MDV
Mali;2020-03-31;0.0;MLI
Mali;2020-04-30;0.0;MLI
Mali;2020-05-31;0.0;MLI
Mali;2020-06-30;0.0;MLI
Mali;2020-07-31;0.0;MLI
Mali;2020-08-31;0.0;MLI
Mali;2020-09-30;0.0;MLI
Mali;2020-10-31;0.0;MLI
Mali;2020-11-30;0.0;MLI
Mali;2020-12-31;0.0;MLI
Mali;2021-01-31;0.0;MLI
Mali;2021-02-28;0.0;MLI
Mali;2021-03-31;0.0;MLI
Mali;2021-04-30;0.0;MLI
Mali;2021-05-16;0.0;MLI
Malta;2020-02-29;0.0;MLT
Malta;2020-03-31;0.0;MLT
Malta;2020-04-30;0.0;MLT
Malta;2020-05-31;0.0;MLT
Malta;2020-06-30;0.0;MLT
Malta;2020-07-31;0.0;MLT
Malta;2020-08-31;0.0;MLT
Malta;2020-09-30;0.0;MLT
Malta;2020-10-31;0.0;MLT
Malta;2020-11-30;0.0;MLT
Malta;2020-12-31;0.0;MLT
Malta;2021-01-31;894.1452510423768;MLT
Malta;2021-02-28;6352.326748033582;MLT
Malta;2021-03-31;12360.85600592473;MLT
Malta;2021-04-30;24242.026185682353;MLT
Malta;2021-05-16;0.0;MLT
Marshall Islands;2020-10-31;0.0;MHL
Marshall Islands;2020-11-30;0.0;MHL
Marshall Islands;2020-12-31;0.0;MHL
Marshall Islands;2021-01-31;0.0;MHL
Marshall Islands;2021-02-28;0.0;MHL
Marshall Islands;2021-03-31;0.0;MHL
Marshall Islands;2021-04-30;0.0;MHL
Marshall Islands;2021-05-16;0.0;MHL
Mauritania;2020-03-31;0.0;MRT
Mauritania;2020-04-30;0.0;MRT
Mauritania;2020-05-31;0.0;MRT
Mauritania;2020-06-30;0.0;MRT
Mauritania;2020-07-31;0.0;MRT
Mauritania;2020-08-31;0.0;MRT
Mauritania;2020-09-30;0.0;MRT
Mauritania;2020-10-31;0.0;MRT
Mauritania;2020-11-30;0.0;MRT
Mauritania;2020-12-31;0.0;MRT
Mauritania;2021-01-31;0.0;MRT
Mauritania;2021-02-28;0.0;MRT
Mauritania;2021-03-31;0.0;MRT
Mauritania;2021-04-30;0.0;MRT
Mauritania;2021-05-16;0.0;MRT
Mauritius;2020-03-31;0.0;MUS
Mauritius;2020-04-30;0.0;MUS
Mauritius;2020-05-31;0.0;MUS
Mauritius;2020-06-30;0.0;MUS
Mauritius;2020-07-31;0.0;MUS
Mauritius;2020-08-31;0.0;MUS
Mauritius;2020-09-30;0.0;MUS
Mauritius;2020-10-31;0.0;MUS
Mauritius;2020-11-30;0.0;MUS
Mauritius;2020-12-31;0.0;MUS
Mauritius;2021-01-31;0.0;MUS
Mauritius;2021-02-28;0.0;MUS
Mauritius;2021-03-31;0.0;MUS
Mauritius;2021-04-30;0.0;MUS
Mauritius;2021-05-16;0.0;MUS
Mexico;2020-01-31;0.0;MEX
Mexico;2020-02-29;0.0;MEX
Mexico;2020-03-31;0.0;MEX
Mexico;2020-04-30;0.0;MEX
Mexico;2020-05-31;0.0;MEX
Mexico;2020-06-30;0.0;MEX
Mexico;2020-07-31;0.0;MEX
Mexico;2020-08-31;0.0;MEX
Mexico;2020-09-30;0.0;MEX
Mexico;2020-10-31;0.0;MEX
Mexico;2020-11-30;0.0;MEX
Mexico;2020-12-31;0.0;MEX
Mexico;2021-01-31;32.45257626663723;MEX
Mexico;2021-02-28;438.5410121507295;MEX
Mexico;2021-03-31;733.5909441102216;MEX
Mexico;2021-04-30;5770.7904522910485;MEX
Mexico;2021-05-16;8224.811580653986;MEX
Micronesia (country);2021-01-31;0.0;FSM
Micronesia (country);2021-02-28;0.0;FSM
Micronesia (country);2021-03-31;0.0;FSM
Micronesia (country);2021-04-30;0.0;FSM
Micronesia (country);2021-05-16;0.0;FSM
Moldova;2020-03-31;0.0;MDA
Moldova;2020-04-30;0.0;MDA
Moldova;2020-05-31;0.0;MDA
Moldova;2020-06-30;0.0;MDA
Moldova;2020-07-31;0.0;MDA
Moldova;2020-08-31;0.0;MDA
Moldova;2020-09-30;0.0;MDA
Moldova;2020-10-31;0.0;MDA
Moldova;2020-11-30;0.0;MDA
Moldova;2020-12-31;0.0;MDA
Moldova;2021-01-31;0.0;MDA
Moldova;2021-02-28;0.0;MDA
Moldova;2021-03-31;0.0;MDA
Moldova;2021-04-30;423.8263960279259;MDA
Moldova;2021-05-16;0.0;MDA
Monaco;2020-03-31;0.0;MCO
Monaco;2020-04-30;0.0;MCO
Monaco;2020-05-31;0.0;MCO
Monaco;2020-06-30;0.0;MCO
Monaco;2020-07-31;0.0;MCO
Monaco;2020-08-31;0.0;MCO
Monaco;2020-09-30;0.0;MCO
Monaco;2020-10-31;0.0;MCO
Monaco;2020-11-30;0.0;MCO
Monaco;2020-12-31;0.0;MCO
Monaco;2021-01-31;0.0;MCO
Monaco;2021-02-28;0.0;MCO
Monaco;2021-03-31;0.0;MCO
Monaco;2021-04-30;0.0;MCO
Monaco;2021-05-16;0.0;MCO
Mongolia;2020-03-31;0.0;MNG
Mongolia;2020-04-30;0.0;MNG
Mongolia;2020-05-31;0.0;MNG
Mongolia;2020-06-30;0.0;MNG
Mongolia;2020-07-31;0.0;MNG
Mongolia;2020-08-31;0.0;MNG
Mongolia;2020-09-30;0.0;MNG
Mongolia;2020-10-31;0.0;MNG
Mongolia;2020-11-30;0.0;MNG
Mongolia;2020-12-31;0.0;MNG
Mongolia;2021-01-31;0.0;MNG
Mongolia;2021-02-28;0.0;MNG
Mongolia;2021-03-31;0.0;MNG
Mongolia;2021-04-30;11070.581876172104;MNG
Mongolia;2021-05-16;19634.950150871246;MNG
Montenegro;2020-03-31;0.0;MNE
Montenegro;2020-04-30;0.0;MNE
Montenegro;2020-05-31;0.0;MNE
Montenegro;2020-06-30;0.0;MNE
Montenegro;2020-07-31;0.0;MNE
Montenegro;2020-08-31;0.0;MNE
Montenegro;2020-09-30;0.0;MNE
Montenegro;2020-10-31;0.0;MNE
Montenegro;2020-11-30;0.0;MNE
Montenegro;2020-12-31;0.0;MNE
Montenegro;2021-01-31;0.0;MNE
Montenegro;2021-02-28;0.0;MNE
Montenegro;2021-03-31;521.1268951154503;MNE
Montenegro;2021-04-30;3437.3994924068006;MNE
Montenegro;2021-05-16;5378.449898258452;MNE
Montserrat;2021-02-28;0.0;MSR
Montserrat;2021-03-31;5521.104220844169;MSR
Montserrat;2021-04-21;12322.46449289858;MSR
Morocco;2020-02-29;0.0;MAR
Morocco;2020-03-31;0.0;MAR
Morocco;2020-04-30;0.0;MAR
Morocco;2020-05-31;0.0;MAR
Morocco;2020-06-30;0.0;MAR
Morocco;2020-07-31;0.0;MAR
Morocco;2020-08-31;0.0;MAR
Morocco;2020-09-30;0.0;MAR
Morocco;2020-10-31;0.0;MAR
Morocco;2020-11-30;0.0;MAR
Morocco;2020-12-31;0.0;MAR
Morocco;2021-01-31;0.0;MAR
Morocco;2021-02-28;0.0;MAR
Morocco;2021-03-31;9954.471563393867;MAR
Morocco;2021-04-30;11542.529376012142;MAR
Morocco;2021-05-16;0.0;MAR
Mozambique;2020-03-31;0.0;MOZ
Mozambique;2020-04-30;0.0;MOZ
Mozambique;2020-05-31;0.0;MOZ
Mozambique;2020-06-30;0.0;MOZ
Mozambique;2020-07-31;0.0;MOZ
Mozambique;2020-08-31;0.0;MOZ
Mozambique;2020-09-30;0.0;MOZ
Mozambique;2020-10-31;0.0;MOZ
Mozambique;2020-11-30;0.0;MOZ
Mozambique;2020-12-31;0.0;MOZ
Mozambique;2021-01-31;0.0;MOZ
Mozambique;2021-02-28;0.0;MOZ
Mozambique;2021-03-31;0.0;MOZ
Mozambique;2021-04-30;0.0;MOZ
Mozambique;2021-05-16;0.0;MOZ
Myanmar;2020-03-31;0.0;MMR
Myanmar;2020-04-30;0.0;MMR
Myanmar;2020-05-31;0.0;MMR
Myanmar;2020-06-30;0.0;MMR
Myanmar;2020-07-31;0.0;MMR
Myanmar;2020-08-31;0.0;MMR
Myanmar;2020-09-30;0.0;MMR
Myanmar;2020-10-31;0.0;MMR
Myanmar;2020-11-30;0.0;MMR
Myanmar;2020-12-31;0.0;MMR
Myanmar;2021-01-31;0.0;MMR
Myanmar;2021-02-28;0.0;MMR
Myanmar;2021-03-31;73.51617615019826;MMR
Myanmar;2021-04-30;0.0;MMR
Myanmar;2021-05-16;0.0;MMR
Namibia;2020-03-31;0.0;NAM
Namibia;2020-04-30;0.0;NAM
Namibia;2020-05-31;0.0;NAM
Namibia;2020-06-30;0.0;NAM
Namibia;2020-07-31;0.0;NAM
Namibia;2020-08-31;0.0;NAM
Namibia;2020-09-30;0.0;NAM
Namibia;2020-10-31;0.0;NAM
Namibia;2020-11-30;0.0;NAM
Namibia;2020-12-31;0.0;NAM
Namibia;2021-01-31;0.0;NAM
Namibia;2021-02-28;0.0;NAM
Namibia;2021-03-31;0.0;NAM
Namibia;2021-04-30;54.78339307556803;NAM
Namibia;2021-05-16;0.0;NAM
Nauru;2021-04-30;0.0;NRU
Nepal;2020-01-31;0.0;NPL
Nepal;2020-02-29;0.0;NPL
Nepal;2020-03-31;0.0;NPL
Nepal;2020-04-30;0.0;NPL
Nepal;2020-05-31;0.0;NPL
Nepal;2020-06-30;0.0;NPL
Nepal;2020-07-31;0.0;NPL
Nepal;2020-08-31;0.0;NPL
Nepal;2020-09-30;0.0;NPL
Nepal;2020-10-31;0.0;NPL
Nepal;2020-11-30;0.0;NPL
Nepal;2020-12-31;0.0;NPL
Nepal;2021-01-31;0.0;NPL
Nepal;2021-02-28;0.0;NPL
Nepal;2021-03-31;0.0;NPL
Nepal;2021-04-30;0.0;NPL
Nepal;2021-05-16;0.0;NPL
Netherlands;2020-02-29;0.0;NLD
Netherlands;2020-03-31;0.0;NLD
Netherlands;2020-04-30;0.0;NLD
Netherlands;2020-05-31;0.0;NLD
Netherlands;2020-06-30;0.0;NLD
Netherlands;2020-07-31;0.0;NLD
Netherlands;2020-08-31;0.0;NLD
Netherlands;2020-09-30;0.0;NLD
Netherlands;2020-10-31;0.0;NLD
Netherlands;2020-11-30;0.0;NLD
Netherlands;2020-12-31;0.0;NLD
Netherlands;2021-01-31;14.029867627265169;NLD
Netherlands;2021-02-28;1605.7428613564864;NLD
Netherlands;2021-03-31;0.0;NLD
Netherlands;2021-04-30;0.0;NLD
Netherlands;2021-05-16;10002.169260314915;NLD
New Caledonia;2021-02-28;0.0;NCL
New Caledonia;2021-03-31;0.0;NCL
New Caledonia;2021-04-30;0.0;NCL
New Caledonia;2021-05-11;11082.310825910448;NCL
New Zealand;2020-02-29;0.0;NZL
New Zealand;2020-03-31;0.0;NZL
New Zealand;2020-04-30;0.0;NZL
New Zealand;2020-05-31;0.0;NZL
New Zealand;2020-06-30;0.0;NZL
New Zealand;2020-07-31;0.0;NZL
New Zealand;2020-08-31;0.0;NZL
New Zealand;2020-09-30;0.0;NZL
New Zealand;2020-10-31;0.0;NZL
New Zealand;2020-11-30;0.0;NZL
New Zealand;2020-12-31;0.0;NZL
New Zealand;2021-01-31;0.0;NZL
New Zealand;2021-02-28;0.0;NZL
New Zealand;2021-03-31;321.30342934486987;NZL
New Zealand;2021-04-30;1529.3122501546482;NZL
New Zealand;2021-05-16;0.0;NZL
Nicaragua;2020-03-31;0.0;NIC
Nicaragua;2020-04-30;0.0;NIC
Nicaragua;2020-05-31;0.0;NIC
Nicaragua;2020-06-30;0.0;NIC
Nicaragua;2020-07-31;0.0;NIC
Nicaragua;2020-08-31;0.0;NIC
Nicaragua;2020-09-30;0.0;NIC
Nicaragua;2020-10-31;0.0;NIC
Nicaragua;2020-11-30;0.0;NIC
Nicaragua;2020-12-31;0.0;NIC
Nicaragua;2021-01-31;0.0;NIC
Nicaragua;2021-02-28;0.0;NIC
Nicaragua;2021-03-31;0.0;NIC
Nicaragua;2021-04-30;0.0;NIC
Nicaragua;2021-05-16;0.0;NIC
Niger;2020-03-31;0.0;NER
Niger;2020-04-30;0.0;NER
Niger;2020-05-31;0.0;NER
Niger;2020-06-30;0.0;NER
Niger;2020-07-31;0.0;NER
Niger;2020-08-31;0.0;NER
Niger;2020-09-30;0.0;NER
Niger;2020-10-31;0.0;NER
Niger;2020-11-30;0.0;NER
Niger;2020-12-31;0.0;NER
Niger;2021-01-31;0.0;NER
Niger;2021-02-28;0.0;NER
Niger;2021-03-31;0.0;NER
Niger;2021-04-30;0.0;NER
Niger;2021-05-16;0.0;NER
Nigeria;2020-02-29;0.0;NGA
Nigeria;2020-03-31;0.0;NGA
Nigeria;2020-04-30;0.0;NGA
Nigeria;2020-05-31;0.0;NGA
Nigeria;2020-06-30;0.0;NGA
Nigeria;2020-07-31;0.0;NGA
Nigeria;2020-08-31;0.0;NGA
Nigeria;2020-09-30;0.0;NGA
Nigeria;2020-10-31;0.0;NGA
Nigeria;2020-11-30;0.0;NGA
Nigeria;2020-12-31;0.0;NGA
Nigeria;2021-01-31;0.0;NGA
Nigeria;2021-02-28;0.0;NGA
Nigeria;2021-03-31;0.0;NGA
Nigeria;2021-04-30;0.0;NGA
Nigeria;2021-05-16;0.0;NGA
North America;2020-01-31;0.0;OWID_NAM
North America;2020-02-29;0.0;OWID_NAM
North America;2020-03-31;0.0;OWID_NAM
North America;2020-04-30;0.0;OWID_NAM
North America;2020-05-31;0.0;OWID_NAM
North America;2020-06-30;0.0;OWID_NAM
North America;2020-07-31;0.0;OWID_NAM
North America;2020-08-31;0.0;OWID_NAM
North America;2020-09-30;0.0;OWID_NAM
North America;2020-10-31;0.0;OWID_NAM
North America;2020-11-30;0.0;OWID_NAM
North America;2020-12-31;0.0;OWID_NAM
North America;2021-01-31;981.8557535256291;OWID_NAM
North America;2021-02-28;4380.386180061241;OWID_NAM
North America;2021-03-31;9562.535045134462;OWID_NAM
North America;2021-04-30;18817.82749591805;OWID_NAM
North America;2021-05-16;23206.15054578715;OWID_NAM
North Macedonia;2020-02-29;0.0;MKD
North Macedonia;2020-03-31;0.0;MKD
North Macedonia;2020-04-30;0.0;MKD
North Macedonia;2020-05-31;0.0;MKD
North Macedonia;2020-06-30;0.0;MKD
North Macedonia;2020-07-31;0.0;MKD
North Macedonia;2020-08-31;0.0;MKD
North Macedonia;2020-09-30;0.0;MKD
North Macedonia;2020-10-31;0.0;MKD
North Macedonia;2020-11-30;0.0;MKD
North Macedonia;2020-12-31;0.0;MKD
North Macedonia;2021-01-31;0.0;MKD
North Macedonia;2021-02-28;0.0;MKD
North Macedonia;2021-03-31;0.0;MKD
North Macedonia;2021-04-30;0.0;MKD
North Macedonia;2021-05-16;0.0;MKD
Northern Cyprus;2021-01-31;;OWID_CYN
Northern Cyprus;2021-02-28;;OWID_CYN
Northern Cyprus;2021-03-31;;OWID_CYN
Northern Cyprus;2021-04-30;;OWID_CYN
Northern Cyprus;2021-05-14;inf;OWID_CYN
Norway;2020-02-29;0.0;NOR
Norway;2020-03-31;0.0;NOR
Norway;2020-04-30;0.0;NOR
Norway;2020-05-31;0.0;NOR
Norway;2020-06-30;0.0;NOR
Norway;2020-07-31;0.0;NOR
Norway;2020-08-31;0.0;NOR
Norway;2020-09-30;0.0;NOR
Norway;2020-10-31;0.0;NOR
Norway;2020-11-30;0.0;NOR
Norway;2020-12-31;0.0;NOR
Norway;2021-01-31;390.0766650889224;NOR
Norway;2021-02-28;3110.3020304203355;NOR
Norway;2021-03-31;5374.487986332283;NOR
Norway;2021-04-30;6948.29708764154;NOR
Norway;2021-05-16;0.0;NOR
Oceania;2020-01-31;0.0;OWID_OCE
Oceania;2020-02-29;0.0;OWID_OCE
Oceania;2020-03-31;0.0;OWID_OCE
Oceania;2020-04-30;0.0;OWID_OCE
Oceania;2020-05-31;0.0;OWID_OCE
Oceania;2020-06-30;0.0;OWID_OCE
Oceania;2020-07-31;0.0;OWID_OCE
Oceania;2020-08-31;0.0;OWID_OCE
Oceania;2020-09-30;0.0;OWID_OCE
Oceania;2020-10-31;0.0;OWID_OCE
Oceania;2020-11-30;0.0;OWID_OCE
Oceania;2020-12-31;0.0;OWID_OCE
Oceania;2021-01-31;0.0;OWID_OCE
Oceania;2021-02-28;7.35745361248512;OWID_OCE
Oceania;2021-03-31;71.81015314071067;OWID_OCE
Oceania;2021-04-30;297.54807703460125;OWID_OCE
Oceania;2021-05-16;444.1183941752961;OWID_OCE
Oman;2020-02-29;0.0;OMN
Oman;2020-03-31;0.0;OMN
Oman;2020-04-30;0.0;OMN
Oman;2020-05-31;0.0;OMN
Oman;2020-06-30;0.0;OMN
Oman;2020-07-31;0.0;OMN
Oman;2020-08-31;0.0;OMN
Oman;2020-09-30;0.0;OMN
Oman;2020-10-31;0.0;OMN
Oman;2020-11-30;0.0;OMN
Oman;2020-12-31;0.0;OMN
Oman;2021-01-31;0.0;OMN
Oman;2021-02-28;0.0;OMN
Oman;2021-03-31;372.43798346539063;OMN
Oman;2021-04-30;0.0;OMN
Oman;2021-05-16;0.0;OMN
Pakistan;2020-02-29;0.0;PAK
Pakistan;2020-03-31;0.0;PAK
Pakistan;2020-04-30;0.0;PAK
Pakistan;2020-05-31;0.0;PAK
Pakistan;2020-06-30;0.0;PAK
Pakistan;2020-07-31;0.0;PAK
Pakistan;2020-08-31;0.0;PAK
Pakistan;2020-09-30;0.0;PAK
Pakistan;2020-10-31;0.0;PAK
Pakistan;2020-11-30;0.0;PAK
Pakistan;2020-12-31;0.0;PAK
Pakistan;2021-01-31;0.0;PAK
Pakistan;2021-02-28;0.0;PAK
Pakistan;2021-03-31;0.0;PAK
Pakistan;2021-04-30;0.0;PAK
Pakistan;2021-05-16;0.0;PAK
Palestine;2020-03-31;0.0;PSE
Palestine;2020-04-30;0.0;PSE
Palestine;2020-05-31;0.0;PSE
Palestine;2020-06-30;0.0;PSE
Palestine;2020-07-31;0.0;PSE
Palestine;2020-08-31;0.0;PSE
Palestine;2020-09-30;0.0;PSE
Palestine;2020-10-31;0.0;PSE
Palestine;2020-11-30;0.0;PSE
Palestine;2020-12-31;0.0;PSE
Palestine;2021-01-31;0.0;PSE
Palestine;2021-02-28;0.0;PSE
Palestine;2021-03-31;170.2860539113062;PSE
Palestine;2021-04-30;0.0;PSE
Palestine;2021-05-16;0.0;PSE
Panama;2020-03-31;0.0;PAN
Panama;2020-04-30;0.0;PAN
Panama;2020-05-31;0.0;PAN
Panama;2020-06-30;0.0;PAN
Panama;2020-07-31;0.0;PAN
Panama;2020-08-31;0.0;PAN
Panama;2020-09-30;0.0;PAN
Panama;2020-10-31;0.0;PAN
Panama;2020-11-30;0.0;PAN
Panama;2020-12-31;0.0;PAN
Panama;2021-01-31;0.0;PAN
Panama;2021-02-28;135.71992746771087;PAN
Panama;2021-03-31;0.0;PAN
Panama;2021-04-30;4421.581878793947;PAN
Panama;2021-05-16;6449.918048896256;PAN
Papua New Guinea;2020-03-31;0.0;PNG
Papua New Guinea;2020-04-30;0.0;PNG
Papua New Guinea;2020-05-31;0.0;PNG
Papua New Guinea;2020-06-30;0.0;PNG
Papua New Guinea;2020-07-31;0.0;PNG
Papua New Guinea;2020-08-31;0.0;PNG
Papua New Guinea;2020-09-30;0.0;PNG
Papua New Guinea;2020-10-31;0.0;PNG
Papua New Guinea;2020-11-30;0.0;PNG
Papua New Guinea;2020-12-31;0.0;PNG
Papua New Guinea;2021-01-31;0.0;PNG
Papua New Guinea;2021-02-28;0.0;PNG
Papua New Guinea;2021-03-31;0.0;PNG
Papua New Guinea;2021-04-30;0.0;PNG
Papua New Guinea;2021-05-16;0.0;PNG
Paraguay;2020-03-31;0.0;PRY
Paraguay;2020-04-30;0.0;PRY
Paraguay;2020-05-31;0.0;PRY
Paraguay;2020-06-30;0.0;PRY
Paraguay;2020-07-31;0.0;PRY
Paraguay;2020-08-31;0.0;PRY
Paraguay;2020-09-30;0.0;PRY
Paraguay;2020-10-31;0.0;PRY
Paraguay;2020-11-30;0.0;PRY
Paraguay;2020-12-31;0.0;PRY
Paraguay;2021-01-31;0.0;PRY
Paraguay;2021-02-28;0.0;PRY
Paraguay;2021-03-31;25.44679097038498;PRY
Paraguay;2021-04-30;173.48682725484505;PRY
Paraguay;2021-05-16;0.0;PRY
Peru;2020-01-31;0.0;PER
Peru;2020-02-29;0.0;PER
Peru;2020-03-31;0.0;PER
Peru;2020-04-30;0.0;PER
Peru;2020-05-31;0.0;PER
Peru;2020-06-30;0.0;PER
Peru;2020-07-31;0.0;PER
Peru;2020-08-31;0.0;PER
Peru;2020-09-30;0.0;PER
Peru;2020-10-31;0.0;PER
Peru;2020-11-30;0.0;PER
Peru;2020-12-31;0.0;PER
Peru;2021-01-31;0.0;PER
Peru;2021-02-28;0.0;PER
Peru;2021-03-31;1110.2896695562633;PER
Peru;2021-04-30;2012.4259951960228;PER
Peru;2021-05-16;0.0;PER
Philippines;2020-01-31;0.0;PHL
Philippines;2020-02-29;0.0;PHL
Philippines;2020-03-31;0.0;PHL
Philippines;2020-04-30;0.0;PHL
Philippines;2020-05-31;0.0;PHL
Philippines;2020-06-30;0.0;PHL
Philippines;2020-07-31;0.0;PHL
Philippines;2020-08-31;0.0;PHL
Philippines;2020-09-30;0.0;PHL
Philippines;2020-10-31;0.0;PHL
Philippines;2020-11-30;0.0;PHL
Philippines;2020-12-31;0.0;PHL
Philippines;2021-01-31;0.0;PHL
Philippines;2021-02-28;0.0;PHL
Philippines;2021-03-31;0.0;PHL
Philippines;2021-04-30;255.55961596839455;PHL
Philippines;2021-05-16;0.0;PHL
Poland;2020-03-31;0.0;POL
Poland;2020-04-30;0.0;POL
Poland;2020-05-31;0.0;POL
Poland;2020-06-30;0.0;POL
Poland;2020-07-31;0.0;POL
Poland;2020-08-31;0.0;POL
Poland;2020-09-30;0.0;POL
Poland;2020-10-31;0.0;POL
Poland;2020-11-30;0.0;POL
Poland;2020-12-31;0.0;POL
Poland;2021-01-31;529.8678705791443;POL
Poland;2021-02-28;3135.6762383310206;POL
Poland;2021-03-31;5389.2892110137755;POL
Poland;2021-04-30;0.0;POL
Poland;2021-05-16;0.0;POL
Portugal;2020-02-23;0.0;PRT
Portugal;2020-03-31;0.0;PRT
Portugal;2020-04-30;0.0;PRT
Portugal;2020-05-31;0.0;PRT
Portugal;2020-06-30;0.0;PRT
Portugal;2020-07-31;0.0;PRT
Portugal;2020-08-31;0.0;PRT
Portugal;2020-09-30;0.0;PRT
Portugal;2020-10-31;0.0;PRT
Portugal;2020-11-30;0.0;PRT
Portugal;2020-12-31;0.0;PRT
Portugal;2021-01-31;670.6576937044479;PRT
Portugal;2021-02-28;2708.482258046642;PRT
Portugal;2021-03-31;4943.478320991277;PRT
Portugal;2021-04-30;8676.477611840763;PRT
Portugal;2021-05-16;13445.988003774159;PRT
Qatar;2020-03-31;0.0;QAT
Qatar;2020-04-30;0.0;QAT
Qatar;2020-05-31;0.0;QAT
Qatar;2020-06-30;0.0;QAT
Qatar;2020-07-31;0.0;QAT
Qatar;2020-08-31;0.0;QAT
Qatar;2020-09-30;0.0;QAT
Qatar;2020-10-31;0.0;QAT
Qatar;2020-11-30;0.0;QAT
Qatar;2020-12-31;0.0;QAT
Qatar;2021-01-31;0.0;QAT
Qatar;2021-02-28;0.0;QAT
Qatar;2021-03-31;0.0;QAT
Qatar;2021-04-30;19665.539766613678;QAT
Qatar;2021-05-16;29321.67327303145;QAT
Romania;2020-02-29;0.0;ROU
Romania;2020-03-31;0.0;ROU
Romania;2020-04-30;0.0;ROU
Romania;2020-05-31;0.0;ROU
Romania;2020-06-30;0.0;ROU
Romania;2020-07-31;0.0;ROU
Romania;2020-08-31;0.0;ROU
Romania;2020-09-30;0.0;ROU
Romania;2020-10-31;0.0;ROU
Romania;2020-11-30;0.0;ROU
Romania;2020-12-31;0.0;ROU
Romania;2021-01-31;552.0207684065056;ROU
Romania;2021-02-28;3207.824102716741;ROU
Romania;2021-03-31;5577.517083399133;ROU
Romania;2021-04-30;10068.952174175662;ROU
Romania;2021-05-16;0.0;ROU
Russia;2020-02-29;0.0;RUS
Russia;2020-03-31;0.0;RUS
Russia;2020-04-30;0.0;RUS
Russia;2020-05-31;0.0;RUS
Russia;2020-06-30;0.0;RUS
Russia;2020-07-31;0.0;RUS
Russia;2020-08-31;0.0;RUS
Russia;2020-09-30;0.0;RUS
Russia;2020-10-31;0.0;RUS
Russia;2020-11-30;0.0;RUS
Russia;2020-12-31;0.0;RUS
Russia;2021-01-31;0.0;RUS
Russia;2021-02-28;0.0;RUS
Russia;2021-03-31;2993.97140332722;RUS
Russia;2021-04-30;5163.01769986335;RUS
Russia;2021-05-16;6617.2979294952;RUS
Rwanda;2020-03-31;0.0;RWA
Rwanda;2020-04-30;0.0;RWA
Rwanda;2020-05-31;0.0;RWA
Rwanda;2020-06-30;0.0;RWA
Rwanda;2020-07-31;0.0;RWA
Rwanda;2020-08-31;0.0;RWA
Rwanda;2020-09-30;0.0;RWA
Rwanda;2020-10-31;0.0;RWA
Rwanda;2020-11-30;0.0;RWA
Rwanda;2020-12-31;0.0;RWA
Rwanda;2021-01-31;0.0;RWA
Rwanda;2021-02-28;0.0;RWA
Rwanda;2021-03-31;0.0;RWA
Rwanda;2021-04-30;0.0;RWA
Rwanda;2021-05-16;0.0;RWA
Saint Helena;2021-02-28;0.0;SHN
Saint Helena;2021-03-31;0.0;SHN
Saint Helena;2021-04-24;58112.337341459395;SHN
Saint Kitts and Nevis;2020-03-31;0.0;KNA
Saint Kitts and Nevis;2020-04-30;0.0;KNA
Saint Kitts and Nevis;2020-05-31;0.0;KNA
Saint Kitts and Nevis;2020-06-30;0.0;KNA
Saint Kitts and Nevis;2020-07-31;0.0;KNA
Saint Kitts and Nevis;2020-08-31;0.0;KNA
Saint Kitts and Nevis;2020-09-30;0.0;KNA
Saint Kitts and Nevis;2020-10-31;0.0;KNA
Saint Kitts and Nevis;2020-11-30;0.0;KNA
Saint Kitts and Nevis;2020-12-31;0.0;KNA
Saint Kitts and Nevis;2021-01-31;0.0;KNA
Saint Kitts and Nevis;2021-02-28;0.0;KNA
Saint Kitts and Nevis;2021-03-31;0.0;KNA
Saint Kitts and Nevis;2021-04-30;0.0;KNA
Saint Kitts and Nevis;2021-05-16;0.0;KNA
Saint Lucia;2020-03-31;0.0;LCA
Saint Lucia;2020-04-30;0.0;LCA
Saint Lucia;2020-05-31;0.0;LCA
Saint Lucia;2020-06-30;0.0;LCA
Saint Lucia;2020-07-31;0.0;LCA
Saint Lucia;2020-08-31;0.0;LCA
Saint Lucia;2020-09-30;0.0;LCA
Saint Lucia;2020-10-31;0.0;LCA
Saint Lucia;2020-11-30;0.0;LCA
Saint Lucia;2020-12-31;0.0;LCA
Saint Lucia;2021-01-31;0.0;LCA
Saint Lucia;2021-02-28;0.0;LCA
Saint Lucia;2021-03-31;0.0;LCA
Saint Lucia;2021-04-30;0.0;LCA
Saint Lucia;2021-05-16;0.0;LCA
Saint Vincent and the Grenadines;2020-03-31;0.0;VCT
Saint Vincent and the Grenadines;2020-04-30;0.0;VCT
Saint Vincent and the Grenadines;2020-05-31;0.0;VCT
Saint Vincent and the Grenadines;2020-06-30;0.0;VCT
Saint Vincent and the Grenadines;2020-07-31;0.0;VCT
Saint Vincent and the Grenadines;2020-08-31;0.0;VCT
Saint Vincent and the Grenadines;2020-09-30;0.0;VCT
Saint Vincent and the Grenadines;2020-10-31;0.0;VCT
Saint Vincent and the Grenadines;2020-11-30;0.0;VCT
Saint Vincent and the Grenadines;2020-12-31;0.0;VCT
Saint Vincent and the Grenadines;2021-01-31;0.0;VCT
Saint Vincent and the Grenadines;2021-02-28;0.0;VCT
Saint Vincent and the Grenadines;2021-03-31;0.0;VCT
Saint Vincent and the Grenadines;2021-04-30;0.0;VCT
Saint Vincent and the Grenadines;2021-05-16;0.0;VCT
Samoa;2020-11-30;0.0;WSM
Samoa;2020-12-31;0.0;WSM
Samoa;2021-01-31;0.0;WSM
Samoa;2021-02-28;0.0;WSM
Samoa;2021-03-31;0.0;WSM
Samoa;2021-04-30;0.0;WSM
Samoa;2021-05-16;0.0;WSM
San Marino;2020-02-29;0.0;SMR
San Marino;2020-03-31;0.0;SMR
San Marino;2020-04-30;0.0;SMR
San Marino;2020-05-31;0.0;SMR
San Marino;2020-06-30;0.0;SMR
San Marino;2020-07-31;0.0;SMR
San Marino;2020-08-31;0.0;SMR
San Marino;2020-09-30;0.0;SMR
San Marino;2020-10-31;0.0;SMR
San Marino;2020-11-30;0.0;SMR
San Marino;2020-12-31;0.0;SMR
San Marino;2021-01-31;0.0;SMR
San Marino;2021-02-28;0.0;SMR
San Marino;2021-03-31;10380.694207083505;SMR
San Marino;2021-04-30;0.0;SMR
San Marino;2021-05-16;0.0;SMR
Sao Tome and Principe;2020-04-30;0.0;STP
Sao Tome and Principe;2020-05-31;0.0;STP
Sao Tome and Principe;2020-06-30;0.0;STP
Sao Tome and Principe;2020-07-31;0.0;STP
Sao Tome and Principe;2020-08-31;0.0;STP
Sao Tome and Principe;2020-09-30;0.0;STP
Sao Tome and Principe;2020-10-31;0.0;STP
Sao Tome and Principe;2020-11-30;0.0;STP
Sao Tome and Principe;2020-12-31;0.0;STP
Sao Tome and Principe;2021-01-31;0.0;STP
Sao Tome and Principe;2021-02-28;0.0;STP
Sao Tome and Principe;2021-03-31;0.0;STP
Sao Tome and Principe;2021-04-30;0.0;STP
Sao Tome and Principe;2021-05-16;0.0;STP
Saudi Arabia;2020-03-31;0.0;SAU
Saudi Arabia;2020-04-30;0.0;SAU
Saudi Arabia;2020-05-31;0.0;SAU
Saudi Arabia;2020-06-30;0.0;SAU
Saudi Arabia;2020-07-31;0.0;SAU
Saudi Arabia;2020-08-31;0.0;SAU
Saudi Arabia;2020-09-30;0.0;SAU
Saudi Arabia;2020-10-31;0.0;SAU
Saudi Arabia;2020-11-30;0.0;SAU
Saudi Arabia;2020-12-31;0.0;SAU
Saudi Arabia;2021-01-31;0.0;SAU
Saudi Arabia;2021-02-28;0.0;SAU
Saudi Arabia;2021-03-31;0.0;SAU
Saudi Arabia;2021-04-30;0.0;SAU
Saudi Arabia;2021-05-16;0.0;SAU
Senegal;2020-02-29;0.0;SEN
Senegal;2020-03-31;0.0;SEN
Senegal;2020-04-30;0.0;SEN
Senegal;2020-05-31;0.0;SEN
Senegal;2020-06-30;0.0;SEN
Senegal;2020-07-31;0.0;SEN
Senegal;2020-08-31;0.0;SEN
Senegal;2020-09-30;0.0;SEN
Senegal;2020-10-31;0.0;SEN
Senegal;2020-11-30;0.0;SEN
Senegal;2020-12-31;0.0;SEN
Senegal;2021-01-31;0.0;SEN
Senegal;2021-02-28;0.0;SEN
Senegal;2021-03-31;0.0;SEN
Senegal;2021-04-30;0.0;SEN
Senegal;2021-05-16;0.0;SEN
Serbia;2020-02-29;0.0;SRB
Serbia;2020-03-31;0.0;SRB
Serbia;2020-04-30;0.0;SRB
Serbia;2020-05-31;0.0;SRB
Serbia;2020-06-30;0.0;SRB
Serbia;2020-07-31;0.0;SRB
Serbia;2020-08-31;0.0;SRB
Serbia;2020-09-30;0.0;SRB
Serbia;2020-10-31;0.0;SRB
Serbia;2020-11-30;0.0;SRB
Serbia;2020-12-31;0.0;SRB
Serbia;2021-01-31;0.0;SRB
Serbia;2021-02-28;7524.311509456255;SRB
Serbia;2021-03-31;14923.839710689657;SRB
Serbia;2021-04-30;21868.072696747902;SRB
Serbia;2021-05-16;25746.186841952116;SRB
Seychelles;2020-03-31;0.0;SYC
Seychelles;2020-04-30;0.0;SYC
Seychelles;2020-05-31;0.0;SYC
Seychelles;2020-06-30;0.0;SYC
Seychelles;2020-07-31;0.0;SYC
Seychelles;2020-08-31;0.0;SYC
Seychelles;2020-09-30;0.0;SYC
Seychelles;2020-10-31;0.0;SYC
Seychelles;2020-11-30;0.0;SYC
Seychelles;2020-12-31;0.0;SYC
Seychelles;2021-01-31;0.0;SYC
Seychelles;2021-02-28;0.0;SYC
Seychelles;2021-03-31;0.0;SYC
Seychelles;2021-04-30;0.0;SYC
Seychelles;2021-05-16;0.0;SYC
Sierra Leone;2020-04-30;0.0;SLE
Sierra Leone;2020-05-31;0.0;SLE
Sierra Leone;2020-06-30;0.0;SLE
Sierra Leone;2020-07-31;0.0;SLE
Sierra Leone;2020-08-31;0.0;SLE
Sierra Leone;2020-09-30;0.0;SLE
Sierra Leone;2020-10-31;0.0;SLE
Sierra Leone;2020-11-30;0.0;SLE
Sierra Leone;2020-12-31;0.0;SLE
Sierra Leone;2021-01-31;0.0;SLE
Sierra Leone;2021-02-28;0.0;SLE
Sierra Leone;2021-03-31;0.0;SLE
Sierra Leone;2021-04-30;0.0;SLE
Sierra Leone;2021-05-16;0.0;SLE
Singapore;2020-01-31;0.0;SGP
Singapore;2020-02-29;0.0;SGP
Singapore;2020-03-31;0.0;SGP
Singapore;2020-04-30;0.0;SGP
Singapore;2020-05-31;0.0;SGP
Singapore;2020-06-30;0.0;SGP
Singapore;2020-07-31;0.0;SGP
Singapore;2020-08-31;0.0;SGP
Singapore;2020-09-30;0.0;SGP
Singapore;2020-10-31;0.0;SGP
Singapore;2020-11-30;0.0;SGP
Singapore;2020-12-31;0.0;SGP
Singapore;2021-01-31;0.854650744409345;SGP
Singapore;2021-02-28;0.0;SGP
Singapore;2021-03-31;0.0;SGP
Singapore;2021-04-30;0.0;SGP
Sint Maarten (Dutch part);2021-05-07;23217.200690266312;SXM
Slovakia;2020-03-31;0.0;SVK
Slovakia;2020-04-30;0.0;SVK
Slovakia;2020-05-31;0.0;SVK
Slovakia;2020-06-30;0.0;SVK
Slovakia;2020-07-31;0.0;SVK
Slovakia;2020-08-31;0.0;SVK
Slovakia;2020-09-30;0.0;SVK
Slovakia;2020-10-31;0.0;SVK
Slovakia;2020-11-30;0.0;SVK
Slovakia;2020-12-31;0.0;SVK
Slovakia;2021-01-31;174.66343495353084;SVK
Slovakia;2021-02-28;2448.6216406457347;SVK
Slovakia;2021-03-31;4824.5279041138765;SVK
Slovakia;2021-04-30;9308.374192231982;SVK
Slovakia;2021-05-16;12159.201618127778;SVK
Slovenia;2020-02-29;0.0;SVN
Slovenia;2020-03-31;0.0;SVN
Slovenia;2020-04-30;0.0;SVN
Slovenia;2020-05-31;0.0;SVN
Slovenia;2020-06-30;0.0;SVN
Slovenia;2020-07-31;0.0;SVN
Slovenia;2020-08-31;0.0;SVN
Slovenia;2020-09-30;0.0;SVN
Slovenia;2020-10-31;0.0;SVN
Slovenia;2020-11-30;0.0;SVN
Slovenia;2020-12-31;0.0;SVN
Slovenia;2021-01-31;1282.0044138047806;SVN
Slovenia;2021-02-28;2519.1781164559493;SVN
Slovenia;2021-03-31;5516.534451343286;SVN
Slovenia;2021-04-30;10026.975389286421;SVN
Slovenia;2021-05-16;13903.869871645633;SVN
Solomon Islands;2020-10-31;0.0;SLB
Solomon Islands;2020-11-30;0.0;SLB
Solomon Islands;2020-12-31;0.0;SLB
Solomon Islands;2021-01-31;0.0;SLB
Solomon Islands;2021-02-28;0.0;SLB
Solomon Islands;2021-03-31;0.0;SLB
Solomon Islands;2021-04-30;0.0;SLB
Solomon Islands;2021-05-16;0.0;SLB
Somalia;2020-03-31;0.0;SOM
Somalia;2020-04-30;0.0;SOM
Somalia;2020-05-31;0.0;SOM
Somalia;2020-06-30;0.0;SOM
Somalia;2020-07-31;0.0;SOM
Somalia;2020-08-31;0.0;SOM
Somalia;2020-09-30;0.0;SOM
Somalia;2020-10-31;0.0;SOM
Somalia;2020-11-30;0.0;SOM
Somalia;2020-12-31;0.0;SOM
Somalia;2021-01-31;0.0;SOM
Somalia;2021-02-28;0.0;SOM
Somalia;2021-03-31;0.0;SOM
Somalia;2021-04-30;0.0;SOM
Somalia;2021-05-16;0.0;SOM
South Africa;2020-02-29;0.0;ZAF
South Africa;2020-03-31;0.0;ZAF
South Africa;2020-04-30;0.0;ZAF
South Africa;2020-05-31;0.0;ZAF
South Africa;2020-06-30;0.0;ZAF
South Africa;2020-07-31;0.0;ZAF
South Africa;2020-08-31;0.0;ZAF
South Africa;2020-09-30;0.0;ZAF
South Africa;2020-10-31;0.0;ZAF
South Africa;2020-11-30;0.0;ZAF
South Africa;2020-12-31;0.0;ZAF
South Africa;2021-01-31;0.0;ZAF
South Africa;2021-02-28;118.91512019570824;ZAF
South Africa;2021-03-31;444.92299526426905;ZAF
South Africa;2021-04-30;535.5977344972549;ZAF
South Africa;2021-05-16;807.1886261524238;ZAF
South America;2020-02-29;0.0;OWID_SAM
South America;2020-03-31;0.0;OWID_SAM
South America;2020-04-30;0.0;OWID_SAM
South America;2020-05-31;0.0;OWID_SAM
South America;2020-06-30;0.0;OWID_SAM
South America;2020-07-31;0.0;OWID_SAM
South America;2020-08-31;0.0;OWID_SAM
South America;2020-09-30;0.0;OWID_SAM
South America;2020-10-31;0.0;OWID_SAM
South America;2020-11-30;0.0;OWID_SAM
South America;2020-12-31;0.0;OWID_SAM
South America;2021-01-31;22.231881021610345;OWID_SAM
South America;2021-02-28;526.5995451404408;OWID_SAM
South America;2021-03-31;2198.316466747503;OWID_SAM
South America;2021-04-30;5724.528055512111;OWID_SAM
South America;2021-05-16;7324.123572059092;OWID_SAM
South Korea;2020-01-31;0.0;KOR
South Korea;2020-02-29;0.0;KOR
South Korea;2020-03-31;0.0;KOR
South Korea;2020-04-30;0.0;KOR
South Korea;2020-05-31;0.0;KOR
South Korea;2020-06-30;0.0;KOR
South Korea;2020-07-31;0.0;KOR
South Korea;2020-08-31;0.0;KOR
South Korea;2020-09-30;0.0;KOR
South Korea;2020-10-31;0.0;KOR
South Korea;2020-11-30;0.0;KOR
South Korea;2020-12-31;0.0;KOR
South Korea;2021-01-31;0.0;KOR
South Korea;2021-02-28;0.0;KOR
South Korea;2021-03-31;25.3036994952699;KOR
South Korea;2021-04-30;445.4898374331419;KOR
South Korea;2021-05-16;1834.1329917428175;KOR
South Sudan;2020-04-30;0.0;SSD
South Sudan;2020-05-31;0.0;SSD
South Sudan;2020-06-30;0.0;SSD
South Sudan;2020-07-31;0.0;SSD
South Sudan;2020-08-31;0.0;SSD
South Sudan;2020-09-30;0.0;SSD
South Sudan;2020-10-31;0.0;SSD
South Sudan;2020-11-30;0.0;SSD
South Sudan;2020-12-31;0.0;SSD
South Sudan;2021-01-31;0.0;SSD
South Sudan;2021-02-28;0.0;SSD
South Sudan;2021-03-31;0.0;SSD
South Sudan;2021-04-30;0.0;SSD
South Sudan;2021-05-16;0.0;SSD
Spain;2020-02-29;0.0;ESP
Spain;2020-03-31;0.0;ESP
Spain;2020-04-30;0.0;ESP
Spain;2020-05-31;0.0;ESP
Spain;2020-06-30;0.0;ESP
Spain;2020-07-31;0.0;ESP
Spain;2020-08-31;0.0;ESP
Spain;2020-09-30;0.0;ESP
Spain;2020-10-31;0.0;ESP
Spain;2020-11-30;0.0;ESP
Spain;2020-12-31;0.0;ESP
Spain;2021-01-31;765.466070070307;ESP
Spain;2021-02-28;2698.8639857445173;ESP
Spain;2021-03-31;5819.905099334971;ESP
Spain;2021-04-30;0.0;ESP
Spain;2021-05-16;0.0;ESP
Sri Lanka;2020-01-31;0.0;LKA
Sri Lanka;2020-02-29;0.0;LKA
Sri Lanka;2020-03-31;0.0;LKA
Sri Lanka;2020-04-30;0.0;LKA
Sri Lanka;2020-05-31;0.0;LKA
Sri Lanka;2020-06-30;0.0;LKA
Sri Lanka;2020-07-31;0.0;LKA
Sri Lanka;2020-08-31;0.0;LKA
Sri Lanka;2020-09-30;0.0;LKA
Sri Lanka;2020-10-31;0.0;LKA
Sri Lanka;2020-11-30;0.0;LKA
Sri Lanka;2020-12-31;0.0;LKA
Sri Lanka;2021-01-31;0.0;LKA
Sri Lanka;2021-02-28;0.0;LKA
Sri Lanka;2021-03-31;0.0;LKA
Sri Lanka;2021-04-30;118.40332504407318;LKA
Sri Lanka;2021-05-16;1251.0945325908024;LKA
Sudan;2020-03-31;0.0;SDN
Sudan;2020-04-30;0.0;SDN
Sudan;2020-05-31;0.0;SDN
Sudan;2020-06-30;0.0;SDN
Sudan;2020-07-31;0.0;SDN
Sudan;2020-08-31;0.0;SDN
Sudan;2020-09-30;0.0;SDN
Sudan;2020-10-31;0.0;SDN
Sudan;2020-11-30;0.0;SDN
Sudan;2020-12-31;0.0;SDN
Sudan;2021-01-31;0.0;SDN
Sudan;2021-02-28;0.0;SDN
Sudan;2021-03-31;0.0;SDN
Sudan;2021-04-30;0.0;SDN
Sudan;2021-05-16;0.0;SDN
Suriname;2020-03-31;0.0;SUR
Suriname;2020-04-30;0.0;SUR
Suriname;2020-05-31;0.0;SUR
Suriname;2020-06-30;0.0;SUR
Suriname;2020-07-31;0.0;SUR
Suriname;2020-08-31;0.0;SUR
Suriname;2020-09-30;0.0;SUR
Suriname;2020-10-31;0.0;SUR
Suriname;2020-11-30;0.0;SUR
Suriname;2020-12-31;0.0;SUR
Suriname;2021-01-31;0.0;SUR
Suriname;2021-02-28;0.0;SUR
Suriname;2021-03-31;0.0;SUR
Suriname;2021-04-30;0.0;SUR
Suriname;2021-05-16;0.0;SUR
Sweden;2020-02-29;0.0;SWE
Sweden;2020-03-31;0.0;SWE
Sweden;2020-04-30;0.0;SWE
Sweden;2020-05-31;0.0;SWE
Sweden;2020-06-30;0.0;SWE
Sweden;2020-07-31;0.0;SWE
Sweden;2020-08-31;0.0;SWE
Sweden;2020-09-30;0.0;SWE
Sweden;2020-10-31;0.0;SWE
Sweden;2020-11-30;0.0;SWE
Sweden;2020-12-31;0.0;SWE
Sweden;2021-01-31;352.6294474749165;SWE
Sweden;2021-02-28;2911.5470722141304;SWE
Sweden;2021-03-31;0.0;SWE
Sweden;2021-04-30;0.0;SWE
Sweden;2021-05-16;0.0;SWE
Switzerland;2020-02-29;0.0;CHE
Switzerland;2020-03-31;0.0;CHE
Switzerland;2020-04-30;0.0;CHE
Switzerland;2020-05-31;0.0;CHE
Switzerland;2020-06-30;0.0;CHE
Switzerland;2020-07-31;0.0;CHE
Switzerland;2020-08-31;0.0;CHE
Switzerland;2020-09-30;0.0;CHE
Switzerland;2020-10-31;0.0;CHE
Switzerland;2020-11-30;0.0;CHE
Switzerland;2020-12-31;0.0;CHE
Switzerland;2021-01-31;0.0;CHE
Switzerland;2021-02-28;3023.4263372456185;CHE
Switzerland;2021-03-31;6630.80681319499;CHE
Switzerland;2021-04-30;10888.54528299227;CHE
Switzerland;2021-05-16;0.0;CHE
Syria;2020-03-31;0.0;SYR
Syria;2020-04-30;0.0;SYR
Syria;2020-05-31;0.0;SYR
Syria;2020-06-30;0.0;SYR
Syria;2020-07-31;0.0;SYR
Syria;2020-08-31;0.0;SYR
Syria;2020-09-30;0.0;SYR
Syria;2020-10-31;0.0;SYR
Syria;2020-11-30;0.0;SYR
Syria;2020-12-31;0.0;SYR
Syria;2021-01-31;0.0;SYR
Syria;2021-02-28;0.0;SYR
Syria;2021-03-31;0.0;SYR
Syria;2021-04-30;0.0;SYR
Syria;2021-05-16;0.0;SYR
Taiwan;2020-01-31;0.0;TWN
Taiwan;2020-02-29;0.0;TWN
Taiwan;2020-03-31;0.0;TWN
Taiwan;2020-04-30;0.0;TWN
Taiwan;2020-05-31;0.0;TWN
Taiwan;2020-06-30;0.0;TWN
Taiwan;2020-07-31;0.0;TWN
Taiwan;2020-08-31;0.0;TWN
Taiwan;2020-09-30;0.0;TWN
Taiwan;2020-10-31;0.0;TWN
Taiwan;2020-11-30;0.0;TWN
Taiwan;2020-12-31;0.0;TWN
Taiwan;2021-01-31;0.0;TWN
Taiwan;2021-02-28;0.0;TWN
Taiwan;2021-03-31;0.0;TWN
Taiwan;2021-04-30;0.0;TWN
Taiwan;2021-05-16;0.0;TWN
Tajikistan;2020-05-31;0.0;TJK
Tajikistan;2020-06-30;0.0;TJK
Tajikistan;2020-07-31;0.0;TJK
Tajikistan;2020-08-31;0.0;TJK
Tajikistan;2020-09-30;0.0;TJK
Tajikistan;2020-10-31;0.0;TJK
Tajikistan;2020-11-30;0.0;TJK
Tajikistan;2020-12-31;0.0;TJK
Tajikistan;2021-01-31;0.0;TJK
Tajikistan;2021-02-28;0.0;TJK
Tajikistan;2021-03-31;0.0;TJK
Tajikistan;2021-04-30;0.0;TJK
Tajikistan;2021-05-16;0.0;TJK
Tanzania;2020-03-31;0.0;TZA
Tanzania;2020-04-30;0.0;TZA
Tanzania;2020-05-31;0.0;TZA
Tanzania;2020-06-30;0.0;TZA
Tanzania;2020-07-31;0.0;TZA
Tanzania;2020-08-31;0.0;TZA
Tanzania;2020-09-30;0.0;TZA
Tanzania;2020-10-31;0.0;TZA
Tanzania;2020-11-30;0.0;TZA
Tanzania;2020-12-31;0.0;TZA
Tanzania;2021-01-31;0.0;TZA
Tanzania;2021-02-28;0.0;TZA
Tanzania;2021-03-31;0.0;TZA
Tanzania;2021-04-30;0.0;TZA
Tanzania;2021-05-16;0.0;TZA
Thailand;2020-01-31;0.0;THA
Thailand;2020-02-29;0.0;THA
Thailand;2020-03-31;0.0;THA
Thailand;2020-04-30;0.0;THA
Thailand;2020-05-31;0.0;THA
Thailand;2020-06-30;0.0;THA
Thailand;2020-07-31;0.0;THA
Thailand;2020-08-31;0.0;THA
Thailand;2020-09-30;0.0;THA
Thailand;2020-10-31;0.0;THA
Thailand;2020-11-30;0.0;THA
Thailand;2020-12-31;0.0;THA
Thailand;2021-01-31;0.0;THA
Thailand;2021-02-28;0.0;THA
Thailand;2021-03-31;0.0;THA
Thailand;2021-04-30;547.0603443456672;THA
Thailand;2021-05-16;1119.7797225666748;THA
Timor;2020-03-31;0.0;TLS
Timor;2020-04-30;0.0;TLS
Timor;2020-05-31;0.0;TLS
Timor;2020-06-30;0.0;TLS
Timor;2020-07-31;0.0;TLS
Timor;2020-08-31;0.0;TLS
Timor;2020-09-30;0.0;TLS
Timor;2020-10-31;0.0;TLS
Timor;2020-11-30;0.0;TLS
Timor;2020-12-31;0.0;TLS
Timor;2021-01-31;0.0;TLS
Timor;2021-02-28;0.0;TLS
Timor;2021-03-31;0.0;TLS
Timor;2021-04-30;0.0;TLS
Timor;2021-05-16;0.0;TLS
Togo;2020-03-31;0.0;TGO
Togo;2020-04-30;0.0;TGO
Togo;2020-05-31;0.0;TGO
Togo;2020-06-30;0.0;TGO
Togo;2020-07-31;0.0;TGO
Togo;2020-08-31;0.0;TGO
Togo;2020-09-30;0.0;TGO
Togo;2020-10-31;0.0;TGO
Togo;2020-11-30;0.0;TGO
Togo;2020-12-31;0.0;TGO
Togo;2021-01-31;0.0;TGO
Togo;2021-02-28;0.0;TGO
Togo;2021-03-31;0.0;TGO
Togo;2021-04-30;0.0;TGO
Togo;2021-05-16;0.0;TGO
Tonga;2021-04-30;0.0;TON
Tonga;2021-05-11;0.0;TON
Trinidad and Tobago;2020-03-31;0.0;TTO
Trinidad and Tobago;2020-04-30;0.0;TTO
Trinidad and Tobago;2020-05-31;0.0;TTO
Trinidad and Tobago;2020-06-30;0.0;TTO
Trinidad and Tobago;2020-07-31;0.0;TTO
Trinidad and Tobago;2020-08-31;0.0;TTO
Trinidad and Tobago;2020-09-30;0.0;TTO
Trinidad and Tobago;2020-10-31;0.0;TTO
Trinidad and Tobago;2020-11-30;0.0;TTO
Trinidad and Tobago;2020-12-31;0.0;TTO
Trinidad and Tobago;2021-01-31;0.0;TTO
Trinidad and Tobago;2021-02-28;0.0;TTO
Trinidad and Tobago;2021-03-31;0.0;TTO
Trinidad and Tobago;2021-04-30;0.0;TTO
Trinidad and Tobago;2021-05-16;84.24491475829426;TTO
Tunisia;2020-03-31;0.0;TUN
Tunisia;2020-04-30;0.0;TUN
Tunisia;2020-05-31;0.0;TUN
Tunisia;2020-06-30;0.0;TUN
Tunisia;2020-07-31;0.0;TUN
Tunisia;2020-08-31;0.0;TUN
Tunisia;2020-09-30;0.0;TUN
Tunisia;2020-10-31;0.0;TUN
Tunisia;2020-11-30;0.0;TUN
Tunisia;2020-12-31;0.0;TUN
Tunisia;2021-01-31;0.0;TUN
Tunisia;2021-02-28;0.0;TUN
Tunisia;2021-03-31;0.0;TUN
Tunisia;2021-04-30;761.1888293538212;TUN
Tunisia;2021-05-16;0.0;TUN
Turkey;2020-03-31;0.0;TUR
Turkey;2020-04-30;0.0;TUR
Turkey;2020-05-31;0.0;TUR
Turkey;2020-06-30;0.0;TUR
Turkey;2020-07-31;0.0;TUR
Turkey;2020-08-31;0.0;TUR
Turkey;2020-09-30;0.0;TUR
Turkey;2020-10-31;0.0;TUR
Turkey;2020-11-30;0.0;TUR
Turkey;2020-12-31;0.0;TUR
Turkey;2021-01-31;0.0;TUR
Turkey;2021-02-28;1989.5311386359065;TUR
Turkey;2021-03-31;8110.5153795452825;TUR
Turkey;2021-04-30;10795.27830204714;TUR
Turkey;2021-05-16;12835.099302201197;TUR
Turkmenistan;2021-04-04;161.7094611724027;TKM
Turks and Caicos Islands;2021-01-31;0.0;TCA
Turks and Caicos Islands;2021-02-28;0.0;TCA
Turks and Caicos Islands;2021-03-31;0.0;TCA
Tuvalu;2021-04-27;0.0;TUV
Uganda;2020-03-31;0.0;UGA
Uganda;2020-04-30;0.0;UGA
Uganda;2020-05-31;0.0;UGA
Uganda;2020-06-30;0.0;UGA
Uganda;2020-07-31;0.0;UGA
Uganda;2020-08-31;0.0;UGA
Uganda;2020-09-30;0.0;UGA
Uganda;2020-10-31;0.0;UGA
Uganda;2020-11-30;0.0;UGA
Uganda;2020-12-31;0.0;UGA
Uganda;2021-01-31;0.0;UGA
Uganda;2021-02-28;0.0;UGA
Uganda;2021-03-31;0.0;UGA
Uganda;2021-04-30;0.0;UGA
Uganda;2021-05-16;0.0;UGA
Ukraine;2020-03-31;0.0;UKR
Ukraine;2020-04-30;0.0;UKR
Ukraine;2020-05-31;0.0;UKR
Ukraine;2020-06-30;0.0;UKR
Ukraine;2020-07-31;0.0;UKR
Ukraine;2020-08-31;0.0;UKR
Ukraine;2020-09-30;0.0;UKR
Ukraine;2020-10-31;0.0;UKR
Ukraine;2020-11-30;0.0;UKR
Ukraine;2020-12-31;0.0;UKR
Ukraine;2021-01-31;0.0;UKR
Ukraine;2021-02-28;0.0;UKR
Ukraine;2021-03-31;0.004573126220410187;UKR
Ukraine;2021-04-30;0.5945064086533243;UKR
Ukraine;2021-05-16;42.05904184911249;UKR
United Arab Emirates;2020-01-31;0.0;ARE
United Arab Emirates;2020-02-29;0.0;ARE
United Arab Emirates;2020-03-31;0.0;ARE
United Arab Emirates;2020-04-30;0.0;ARE
United Arab Emirates;2020-05-31;0.0;ARE
United Arab Emirates;2020-06-30;0.0;ARE
United Arab Emirates;2020-07-31;0.0;ARE
United Arab Emirates;2020-08-31;0.0;ARE
United Arab Emirates;2020-09-30;0.0;ARE
United Arab Emirates;2020-10-31;0.0;ARE
United Arab Emirates;2020-11-30;0.0;ARE
United Arab Emirates;2020-12-31;0.0;ARE
United Arab Emirates;2021-01-31;0.0;ARE
United Arab Emirates;2021-02-28;0.0;ARE
United Arab Emirates;2021-03-31;0.0;ARE
United Arab Emirates;2021-04-30;0.0;ARE
United Arab Emirates;2021-05-16;0.0;ARE
United Kingdom;2020-02-29;0.0;GBR
United Kingdom;2020-03-31;0.0;GBR
United Kingdom;2020-04-30;0.0;GBR
United Kingdom;2020-05-31;0.0;GBR
United Kingdom;2020-06-30;0.0;GBR
United Kingdom;2020-07-31;0.0;GBR
United Kingdom;2020-08-31;0.0;GBR
United Kingdom;2020-09-30;0.0;GBR
United Kingdom;2020-10-31;0.0;GBR
United Kingdom;2020-11-30;0.0;GBR
United Kingdom;2020-12-31;0.0;GBR
United Kingdom;2021-01-31;727.9983662022587;GBR
United Kingdom;2021-02-28;1201.7440295940826;GBR
United Kingdom;2021-03-31;6648.5839997299;GBR
United Kingdom;2021-04-30;22032.9848844837;GBR
United Kingdom;2021-05-16;0.0;GBR
United States;2020-01-31;0.0;USA
United States;2020-02-29;0.0;USA
United States;2020-03-31;0.0;USA
United States;2020-04-30;0.0;USA
United States;2020-05-31;0.0;USA
United States;2020-06-30;0.0;USA
United States;2020-07-31;0.0;USA
United States;2020-08-31;0.0;USA
United States;2020-09-30;0.0;USA
United States;2020-10-31;0.0;USA
United States;2020-11-30;0.0;USA
United States;2020-12-31;0.0;USA
United States;2021-01-31;1709.0926768328834;USA
United States;2021-02-28;7486.320796703477;USA
United States;2021-03-31;16497.463538410917;USA
United States;2021-04-30;30636.406965047623;USA
United States;2021-05-16;37245.226319897076;USA
Uruguay;2020-03-31;0.0;URY
Uruguay;2020-04-30;0.0;URY
Uruguay;2020-05-31;0.0;URY
Uruguay;2020-06-30;0.0;URY
Uruguay;2020-07-31;0.0;URY
Uruguay;2020-08-31;0.0;URY
Uruguay;2020-09-30;0.0;URY
Uruguay;2020-10-31;0.0;URY
Uruguay;2020-11-30;0.0;URY
Uruguay;2020-12-31;0.0;URY
Uruguay;2021-01-31;0.0;URY
Uruguay;2021-02-28;0.0;URY
Uruguay;2021-03-31;1448.01246614947;URY
Uruguay;2021-04-30;19243.538712167076;URY
Uruguay;2021-05-16;27133.450613706835;URY
Uzbekistan;2020-03-31;0.0;UZB
Uzbekistan;2020-04-30;0.0;UZB
Uzbekistan;2020-05-31;0.0;UZB
Uzbekistan;2020-06-30;0.0;UZB
Uzbekistan;2020-07-31;0.0;UZB
Uzbekistan;2020-08-31;0.0;UZB
Uzbekistan;2020-09-30;0.0;UZB
Uzbekistan;2020-10-31;0.0;UZB
Uzbekistan;2020-11-30;0.0;UZB
Uzbekistan;2020-12-31;0.0;UZB
Uzbekistan;2021-01-31;0.0;UZB
Uzbekistan;2021-02-28;0.0;UZB
Uzbekistan;2021-03-31;0.0;UZB
Uzbekistan;2021-04-30;0.0;UZB
Uzbekistan;2021-05-16;0.0;UZB
Vanuatu;2020-11-30;0.0;VUT
Vanuatu;2020-12-31;0.0;VUT
Vanuatu;2021-01-31;0.0;VUT
Vanuatu;2021-02-28;0.0;VUT
Vanuatu;2021-03-31;0.0;VUT
Vanuatu;2021-04-30;0.0;VUT
Vanuatu;2021-05-16;0.0;VUT
Vatican;2020-03-31;0.0;VAT
Vatican;2020-04-30;0.0;VAT
Vatican;2020-05-31;0.0;VAT
Vatican;2020-06-30;0.0;VAT
Vatican;2020-07-31;0.0;VAT
Vatican;2020-08-31;0.0;VAT
Vatican;2020-09-30;0.0;VAT
Vatican;2020-10-31;0.0;VAT
Vatican;2020-11-30;0.0;VAT
Vatican;2020-12-31;0.0;VAT
Vatican;2021-01-31;0.0;VAT
Vatican;2021-02-28;0.0;VAT
Vatican;2021-03-31;0.0;VAT
Vatican;2021-04-30;0.0;VAT
Vatican;2021-05-16;0.0;VAT
Venezuela;2020-03-31;0.0;VEN
Venezuela;2020-04-30;0.0;VEN
Venezuela;2020-05-31;0.0;VEN
Venezuela;2020-06-30;0.0;VEN
Venezuela;2020-07-31;0.0;VEN
Venezuela;2020-08-31;0.0;VEN
Venezuela;2020-09-30;0.0;VEN
Venezuela;2020-10-31;0.0;VEN
Venezuela;2020-11-30;0.0;VEN
Venezuela;2020-12-31;0.0;VEN
Venezuela;2021-01-31;0.0;VEN
Venezuela;2021-02-28;0.0;VEN
Venezuela;2021-03-31;0.0;VEN
Venezuela;2021-04-30;0.0;VEN
Venezuela;2021-05-16;0.0;VEN
Vietnam;2020-01-31;0.0;VNM
Vietnam;2020-02-29;0.0;VNM
Vietnam;2020-03-31;0.0;VNM
Vietnam;2020-04-30;0.0;VNM
Vietnam;2020-05-31;0.0;VNM
Vietnam;2020-06-30;0.0;VNM
Vietnam;2020-07-31;0.0;VNM
Vietnam;2020-08-31;0.0;VNM
Vietnam;2020-09-30;0.0;VNM
Vietnam;2020-10-31;0.0;VNM
Vietnam;2020-11-30;0.0;VNM
Vietnam;2020-12-31;0.0;VNM
Vietnam;2021-01-31;0.0;VNM
Vietnam;2021-02-28;0.0;VNM
Vietnam;2021-03-31;0.0;VNM
Vietnam;2021-04-30;9.664204789173887;VNM
Vietnam;2021-05-16;0.0;VNM
Wallis and Futuna;2021-03-31;0.0;WLF
Wallis and Futuna;2021-04-30;0.0;WLF
Wallis and Futuna;2021-05-11;13231.371154188157;WLF
World;2020-01-31;0.0;OWID_WRL
World;2020-02-29;0.0;OWID_WRL
World;2020-03-31;0.0;OWID_WRL
World;2020-04-30;0.0;OWID_WRL
World;2020-05-31;0.0;OWID_WRL
World;2020-06-30;0.0;OWID_WRL
World;2020-07-31;0.0;OWID_WRL
World;2020-08-31;0.0;OWID_WRL
World;2020-09-30;0.0;OWID_WRL
World;2020-10-31;0.0;OWID_WRL
World;2020-11-30;0.0;OWID_WRL
World;2020-12-31;0.013457691936255765;OWID_WRL
World;2021-01-31;142.16242632119412;OWID_WRL
World;2021-02-28;674.2334706407786;OWID_WRL
World;2021-03-31;1692.2319560254036;OWID_WRL
World;2021-04-30;3464.6211966353903;OWID_WRL
World;2021-05-16;4556.5314814172925;OWID_WRL
Yemen;2020-04-30;0.0;YEM
Yemen;2020-05-31;0.0;YEM
Yemen;2020-06-30;0.0;YEM
Yemen;2020-07-31;0.0;YEM
Yemen;2020-08-31;0.0;YEM
Yemen;2020-09-30;0.0;YEM
Yemen;2020-10-31;0.0;YEM
Yemen;2020-11-30;0.0;YEM
Yemen;2020-12-31;0.0;YEM
Yemen;2021-01-31;0.0;YEM
Yemen;2021-02-28;0.0;YEM
Yemen;2021-03-31;0.0;YEM
Yemen;2021-04-30;0.0;YEM
Yemen;2021-05-16;0.0;YEM
Zambia;2020-03-31;0.0;ZMB
Zambia;2020-04-30;0.0;ZMB
Zambia;2020-05-31;0.0;ZMB
Zambia;2020-06-30;0.0;ZMB
Zambia;2020-07-31;0.0;ZMB
Zambia;2020-08-31;0.0;ZMB
Zambia;2020-09-30;0.0;ZMB
Zambia;2020-10-31;0.0;ZMB
Zambia;2020-11-30;0.0;ZMB
Zambia;2020-12-31;0.0;ZMB
Zambia;2021-01-31;0.0;ZMB
Zambia;2021-02-28;0.0;ZMB
Zambia;2021-03-31;0.0;ZMB
Zambia;2021-04-30;0.0;ZMB
Zambia;2021-05-16;0.0;ZMB
Zimbabwe;2020-03-31;0.0;ZWE
Zimbabwe;2020-04-30;0.0;ZWE
Zimbabwe;2020-05-31;0.0;ZWE
Zimbabwe;2020-06-30;0.0;ZWE
Zimbabwe;2020-07-31;0.0;ZWE
Zimbabwe;2020-08-31;0.0;ZWE
Zimbabwe;2020-09-30;0.0;ZWE
Zimbabwe;2020-10-31;0.0;ZWE
Zimbabwe;2020-11-30;0.0;ZWE
Zimbabwe;2020-12-31;0.0;ZWE
Zimbabwe;2021-01-31;0.0;ZWE
Zimbabwe;2021-02-28;0.0;ZWE
Zimbabwe;2021-03-31;100.14851045154161;ZWE
Zimbabwe;2021-04-30;575.9767238310462;ZWE
